id,type,text1,text2,text3,text4,notes
nsp_legionator,SHIP,"Whenever or wherever the first Legate-class vessel was manufactured has been lost to time, but rumours abound, from a mistake created by a malfunction of nanoforge firmware or an intentionally engineered design created for some purpose of the Domain or another. Despite what the truth may be, this vessel is servicable for what it is as a ""pocket battleship"". A perhaps overgunned platform, sometimes constructed from the remains of other vessels by groups lacking in resources, sometimes purpose-manufactured.

While it used to be extensively used by the Hegemony Navy as a supplement to Onslaught-class battleships in field operations, it has recently fallen out of favour, seen as a ""poor man's Onslaught, trying to do too much with too little"". While some of these things may indeed be true, nobody laughs when a Legate brings its guns to bear towards them. As a modified or accidentally created hull design, the power plant and flux dissipation systems of the Legate (primarily being those of the Legion's, albeit supplemented by a few additions here and there) may be lacking without using some of the ship's remaining internal space for additional generators and flux coils.

Compared to the base design the Legate ""mutated"" from, it also has several other surprises, including a direct fuel injection system that allows for bursts of speed without compromising on maneuverability, unlike the ""burn drive"" engine system fitted to several other ships of its design school.",,,,
microburn_lowtech,SHIP_SYSTEM,Activates a series of direct AM fuel injectors. Propels the ship forwards at extreme velocities.,,,,
nsp_sisyphus,SHIP,"The Sisyphus is a vessel that would have been out of place in the spacelanes of the Domain era. A tough little ship, visually and even internally, to some extent, reminiscent of a Monitor-class vessel, albeit one capable of carrying not-insignificant amounts of cargo.
Unlike the Monitor, the Sisyphus is not impossibly difficult to destroy, but the additional survivability added by its substantial (for a freighter) armour is not to be understated. In the hauling business, such as it is in the post-Collapse Persean Sector, a few additional seconds can be just enough for a freighter captain to escape from what would have been a loss with all hands and cargo. In fact, the Sisyphus is *designed* around this fact intentionally: its armour and hull are deliberately built so that it can take damage and be returned to service relatively quickly. Just replace the damaged section of armour, seal it back into place and the Sisyphus is ready for shipping once more.
",,,,
,,"This plasma cannon is integrated into the Phosphor's hull, and is directly fed by the vessel's reactor. ",,,,
,,"Built around the core of a heavy burst laser, and armed with an additional pair of burst lasers taken from the Spark, this drone is little more than a flying weapons platform.",,,,
,,"A remnant of the autonomous AI fleets developed by the Tri-Tachyon Corporation. Illegal under Domain (and Hegemony) law, and an abomination to the Church of Galactic Redemption, the First AI War saw these creations purged from the Sector. So the official histories say. 

A product of the First AI War, the Phosphor-class was Tri-Tachyon's direct equivalent to the Onslaught-class fielded by the Hegemony. Despite the typical signs of AI design, it is far more resemblant of the ship it's meant to counter, perhaps more than Tri-Tachyon would have liked to admit back when it was legal to mention the Phosphor's existence. Its twin integrated Plasma Cannons are a far more powerful counterpart to the Onslaught's Thermal Pulse Cannons, capable of inflicting calamitous damage to any ship that crosses the forward arc of a Phosphor. While it shares some of the Onslaught's strengths, it also shares some of its weaknesses, such as a vulnerable rear. Tri-Tachyon did not particularly care about this, due to the fact flanking a Phosphor is easier said than done with any vessel that does not employ phase technology.",,,,
nsp_praxidike,SHIP,"The Praxidike is a unique vessel by pre-Collapse standards, in that it is a dedicated, armoured bulk transport ship, often described as the bastard offspring of an Atlas and a Colossus-class freighter. Indeed, the sheer efficiency of the Atlas appealed to the Strategic Council of the Domain, but its performance in combat conditions left much to be desired. The obvious argument against this was that an Atlas should never see combat in the first place, but after a particularly humiliating incident of elements of a Domain Battlegroup losing their designated supply haulers to rebels, the Praxidike was quietly put into design by Orion Shipyards, the traditional builder of the heavier ships of the Domain Armada such as the notorious Onslaught.",,,,
nsp_praxidike_mkii,SHIP,"The Praxidike is a unique vessel by pre-Collapse standards, in that it is a dedicated, armoured bulk transport ship, often described as the bastard offspring of an Atlas and a Colossus-class freighter. Indeed, the sheer efficiency of the Atlas appealed to the Strategic Council of the Domain, but its performance in combat conditions left much to be desired. The obvious argument against this was that an Atlas should never see combat in the first place, but after a particularly humiliating incident of elements of a Domain Battlegroup losing their designated supply haulers to rebels, the Praxidike was quietly put into design by Orion Shipyards, the traditional builder of the heavier ships of the Domain Armada such as the notorious Onslaught.",,,,
nsp_grox,SHIP,"The Goblin Mk.II is an illicit conversion of an already illicit (and infamously mediocre) ship, that being the Goblin, a phase destroyer only slightly more refined than the Gremlin class. The much-hated design has seen a modification by an ambitious and short-lived pirate warlord, the interior completely redesigned to allow the fitting of a drive field stabiliser, more often than not literally ripped from inside an Ox-class tug.

The profoundly disturbing p-space phenomena associated with the Gremlin, and Goblin class have been further amplified by the addition of this stabiliser, which was never intended to be attached to a vessel with a phase coil. Reports of hallucinations, sporadic loss of consciousness and even worse effects abound for those who try to crew a Goblin Mk.II with a clear head. Individual crew members can rarely endure a month aboard a Goblin Mk.II before being rotated out for psychological concerns. A terrible vessel.
Legend says that one of the first Goblin Mk.IIs ever ""built"" was salvaged from a mercenary convoy that was ambushed by pirates and as such the remains of the original crew were never truly removed, leaving a permanent stench that could not be removed, which was compensated by the crew being given large amounts of mind-altering substances like alcohol, so no different to any other pirate crew.",,,,
nsp_anger,SHIP,"The Anger is a ship that defies traditional expectations of Domain-era shipbuilding. Originally built out of components intended for a variety of different combat vessel hulls, somehow a cohesive design was created in a hidden shipyard beyond the Core Worlds. Originally the brainchild of a brilliant salvager slash inventor, the design, soon after being loaded onto a blueprint chip for nanoforge production, was stolen by, ironically, a salvaging company turned to piracy.",,,,
nsp_absolution,SHIP,"Designed during the later stages of the early Expansion Epoch of the Domain, the Absolution was conceived as a modern replacement slash supplement for the even-then ageing Invictus pattern hull, intended for deployment where the brick-like battleship was deemed excessive or too costly. As part of the Domain Armada's sweeping modernization drive, the Absolution was fitted with several at-the-time revolutionary features, such as its engines, nowadays not particularly notable but in its time rather overpowered, allowing the Absolution to outspeed almost anything of its weight class. And below, at the time of its first manufacture.

However, during testing, the ship was plagued by a series of unfortunate accidents, friendly fire incidents and more that significantly hindered its chances to pass trials for widespread adoption. One of the primary issues appeared to be the overeagerness of the officers commanding the ship during trials. Reports claim that officers captaining the Absolution, and even the bridge crews under their command, became uncharacteristically overconfident, engaging in aggressive tactics, apparently convinced of their inevitable success. Even normally calm and rational individuals were not immune to this rare condition. And yet, when questioned, they often would not recall many of their actions, even when their crew, under their command, had opened fire on a friendly vessel during cooperative testing operations. This was chalked up to a form of pseudo-combat-stress, brought on by the rather intense testing routine the Absolution was put through.

The aggression phenomenon, meanwhile, was officially attributed to the ship's powerful engines and the bridge's design and camera setup for its holotank emphasising the hull's extensive armament, projecting an illusion of invincibility. Not mentioned publicly were the reported incidences of extreme intrusive thoughts in the bridge crew and officers commanding them, headaches and occasionally nausea for those engaging in maintenance near the bridge and other, more disturbing incidents.
In the end, the Absolution lost the bidding war to the now-famous Onslaught and was adopted only in limited amounts by the Domain Armada, blueprints for the class falling into the hands of the Church of Galactic Redemption after the Collapse, just like the ship it was intended to supplement.",,,,
nsp_absolution_domain,SHIP,"This Absolution variant was discovered inactive within the ship docks of what is now understood to be a well-preserved, private Domain habitat. While Domain standards of insignia mandated Navy ships to be painted according to their associated battlegroup, this ship has been instead matched to the colors of the Domain Navy itself. Data scraped from the vessel's memory indicates it was a ""prototype parade-ship""; explaining the unusual paintjob, but not so much the modifications.

The ship has all the hallmarks of a typical Absolution: heavy ballistics integration, uniquely overpowered engines, insulated armor chassis. Notably, however, the ship has been equipped with an unfamiliar engine array; likely prototypical Domain propulsion technology, the engines allow for increased speed and maneuverability in comparison to their standard counterparts, and will reroute power into the weapons arrays when actived for a burn; boosting firerate significantly.

Additionally, the typical inbuilt shield emitters are missing - they have been replaced with an older, external system that is potentially vulnerable to external weapons fire. Instead, the shield emitter is tied to the ship's unusual engines, utilizing a poorly-understood process to ""trim"" excess power and reroute it directly into the shields; increasing their flux efficiency at higher speeds.

The presence of this ship along with its companion Onslaught, Legion, and Dominator is the subject of some interest. The Absolution-class was never chosen for mass-production for the Domain Navy, having lost its bidding contract to the Onslaught. Its presence aboard the station - as well as the use of its unique ""deepstrike"" burn drive system in all four recovered ships, nevermind the paintjob and ""parade"" classification - raises several questions as to its origins and purpose.",,,,
nsp_blockhead,SHIP,"Although automated machines of war were forbidden in core Domain space, war drones were quietly employed outside of officially incorporated volume. Nothing like this, however, could possibly have been deployed by the Domain drone armadas.

At a glance, this amusingly named vessel, the 'Blockhead', appears to be just another automated weapon platform of the Domain Explorarium, as well as a ""support"" vessel used to crush any group that would rebel against the Domain's ironclad authority. However, it differs greatly from other comparable droneships by having an integrated Damper Field of suspiciously high quality, capable of mitigating damage to the degree of a modern example as seen in vessels such as the Vanguard and Mora.  No doubt this ship was used as a relatively small anvil to break anything that could hypothetically threaten one of the great survey ships of the Domain... or anything that could hypothetically threaten the Domain itself from within. ",,,,
nsp_superderelict,SHIP,"Although automated machines of war were forbidden in core Domain space, war drones were quietly employed outside of officially incorporated volume. Nothing like this, however, could possibly have been deployed by the Domain drone armadas.

Nothing the Domain's survey motherships' clunky autofabs could have produced would have had specs like the Shrisse. There is some standard droneship frame in it, yes, but it's buried under worryingly smooth and sleek panels. A project of some admiral with a fleeting grasp of reality, or a corrupted forge could be an explanation if not for the obvious purpose in its design. It would not be able to move the way it does if it wasn't built with purpose. Twin EMP emitters, combined with a mount that can fit any weapon types, and its absurd mobility results in something that any spacer would dismiss as legend if told about it without proof. Perhaps inquiring into this ship's origin is not a good idea.",,,,
nsp_upgradedmule,SHIP,"The Mule is a rugged and reliable combat-capable freighter which built its reputation on the sparsely-patrolled frontiers of the Domain. Post-collapse, the appeal of the Mule-class has only grown due to the cycles of chaos wracking the Persean Sector, elevating the need for strong armor and powerful weapons to otherwise thrifty traders, scavengers, and prospectors.",,,,
nsp_hammonitor,SHIP,"The Varanus is exactly what one would expect from looking at its hull silhouette. No gimmicks, no high technology, simply a Monitor combined with a Hammerhead. Inspired by a ""design"" spewed out by a corrupted nanoforge where residual elements of a Monitor were pasted onto a Hammerhead thanks to a failure to purge data from the last ship produced, the first true Varanus was a prototype produced by one of Kazeron's leading shipyards. Thanks to inherent flaws with the modifications, it didn't pass selection to join the League's navy as a mainline vessel, but it has found a niche of its own, in both Persean League and independent hands. Maintenance costs are high thanks to the aforementioned design flaws and as such it is sometimes looked down upon as a ""parade piece"" or a ""hangar queen"", but it inherits some of the bricklike resilience of the Monitor combined with an effective shielding layout, which makes, on paper, a very survivable ship, with Monitor-level resilience in a destroyer-sized package. A brutally efficient statement.",,,,
nsp_derelict_messenger,SHIP,"Although automated machines of war were forbidden in core Domain space, war drones were quietly employed outside of officially incorporated volume. Frontier garrisons were often bolstered by drone ships, and they were deployed liberally against rebellious worlds to tip the terrible balance of attrition, setting the industrial might of the Domain versus the lives of 'freedom fighters'.",,,,
miningblaster_builtin,WEAPON,"An example of the unnerving ability of machine intelligences to improve upon existing designs, this weapon utilizes the same fundamental design of the venerated mining blaster. Though, it's internal components have been upgraded and upscaled in order to produce bolts with far more range, and destructive capability than the meagre weapon it originated from. A near-guaranteed death sentence for any ship with it's shields down, vessels fielding it should take priority.",,,,
nsp_goblin,SHIP,"Recall that the Gremlin-class phase vessel was reverse engineered from the firmware of a Nanoforge, a phase rig prototype that was never intended for mass production. The Goblin represents an attempt to salvage the design by reworking it somewhat, while leaving the overall profile of the ship mostly unchanged. The prototype phase coil was replaced with with a later iteration that, while still somewhat unreliable, is far less likely to cause hallucinations and other reported side effects of the phase-wash associated with the Gremlin. The life support systems, similarly, were optimised and somewhat purpose-designed.",,,,
nsp_bernard,SHIP,"A uniquely divisive ship, the St. Bernard, often affectionately referred to as a 'Bernie' by those who captain it and happen to like it, has equally as many admirers as detractors in the Persean Sector. Its design, surprisingly, does not predate the use of shields, but it lacks them anyway, instead using dedicated physical shielding for its cargo and crew, a la several other combat freighters fielded in the Sector. Curiously, the Bernie has the same engine boosting system as the Absolution despite not being manufactured by Orion Shipyards, which lends well to its intended role of rebuffing fighter and bomber raids on logistics while also carrying supplies, aided by its boost system, allowing it to rapidly close in on an ally to defend them. It is rather well armed for a freighter, complete with integrated Devastator Cannon, which its design is contemporaneous to. 

In the post-Collapse reality of the Persean Sector, the Bernie finds itself fulfilling a role not dissimilar to its original purpose, in driving off and destroying pirate vessels as they attack cargo vessels in the fringes of the core worlds and beyond. It is good at this job, so much so that pirate warlord Kanta monetarily rewards those who destroy a St Bernard.
The Bernie is very much a glass cannon design, capable of intense alpha strike damage, but lacking staying power due to a lack of shielding systems, among other things. It offers a risk/reward dilemma to its captains: do they retreat, using its bursts of speed to quickly leave a battlespace, or do they engage and possibly risk having their ship disabled or worse?",,,,
nsp_pitbull,SHIP,"A comprehensive refit of the Hound class freighter, the Pitbull is wholly intended as a combat vessel first, and everything else second. Partly inspired by the 'ingenuity' of the Pirates' Mudskipper Mk. II, the Pitbull features a large weapon mounting, and an integration sytsem not unlike that seen in the Onslaught class. Furthermore, to aid in it's fire-support role, the vessel has been equipped with a missile autoforge, based on a modified and hacked forge from a Mora class carrier. Feeding the ship's two built-in sabots, it allows it to have a continual edge in combat, at the cost of versatility.",,,,
nsp_wolf_heg,SHIP,"A technologically advanced frigate with an efficient shield generator and an impressive weapons package that allows it to punch far above its weight. These same characteristics mean its frigate-grade power core struggles to keep up, making careful flux management a priority. 

This variant of the Wolf, fielded by the Hegemony, has had it's weapon systems upgraded, and altered to allow the usage of both ballistic and energy weapons, to allow the ship to fit more easily into the doctrine of the Hegemony's fleets.",,,,
nsp_phite,SHIP,"Hailing from the age when phase technologies were still unseen in wide-scale deployment, this prototype vessel is one explicitly intended for surveillance first, and combat second. Equipped with an, for the time of it's development, extremely advanced, and compact sensor array. Alongside this, the vessel still retains some of the comforts of it's base hull, having comfortable accommodations intended for long-term, isolated missions.

However, the design ran into several complications in testing, with the sensor array's readings affected by the interference that the ship's phase coil caused when active, meaning that in order to get proper readings, the ship had to risk detection by de-activating it's phase coil, and the phase-field it generated. This, alongside further complications in the vessel's one and only field-test before being shelved, meant that it was never put into full-scale production, or widespread adoption. 

Fabrique Orbitale, having invested much into the project, would quietly put the ship into limited production, advertising it through it's capabilities as a surveillance vessel, and neglecting to mention the effects of a phase-field on crews isolated for extended periods of time. Of course, when sensor suites became capable of detecting phase vessels as standard, what little customers the ship had dwindled even further, making the eccentric vessel a rare oddity in the Persean sector.",,,,
nsp_explorator,SHIP,"A bizarre pre-Collapse design, the Explorator was designed in cooperation between Orion Shipyards and the team responsible for the Termination Sequence drone attack system seen in the Tempest-class frigate. Advertised, even before the fall of the Domain as a mining and exploration vessel for the fringes of human space, the places that had only just about been partially mapped by automated probes. It fulfils its advertised role very well.

Though not particularly well armed, as to be expected from a vessel classified as ""civilian"", the Explorator is equipped with a fleet of mining drones and accompanying fabrication facilities for which that utilise a variant of the Terminator drone's termination sequence to give the Explorator an unexpected edge in both offense and defense. More than one cocky pirate captain has found themselves in vacuum at the manipulator arms of the modified mining drones of the Explorator.
To say this particular feature was divisive is an understatement, yet through a series of court cases and likely trickery on the behalf of Orion Shipyards, it was approved for production and sale with the mild caveat of only being available for direct sale to the Domain's frontier sectors, such as the Persean Sector. 
The Explorator is not to be underestimated, either by the one captaining it or anyone hoping for an easy kill.",,,,
nsp_hermod,SHIP,"Although automated machines of war were forbidden in core Domain space, war drones were quietly employed outside of officially incorporated volume. Nothing like this, however, could possibly have been deployed by the Domain drone armadas.",,,,
nsp_derelominator,SHIP,"Although automated machines of war were forbidden in core Domain space, war drones were quietly employed outside of officially incorporated volume. Nothing like this, however, could possibly have been deployed by the Domain drone armadas.

I don't understand it. This ship has no right to exist. The databanks of even the greatest of the Explorarium's survey motherships didn't feature schematics for anything close to a Dominator. And yet here this hull floats, raked by a thousand Hephaestus shells, and still stubbornly intact. The internal systems failed before the hull did.
But... how? Bit flips by hard radiation over the centuries can't explain a near perfect reproduction of a Dominator's hull form. Are the survey ships learning somehow? That shouldn't be possible. They weren't designed to do that. They weren't given the processing power to do that.
If this gets out, COMSEC is going to be so far up our asses they'll find a lost Planetkiller.",,,,
nsp_ajax,SHIP,"The Ajax-class battlecruiser is a transitory design and it isn't ashamed of it. Inspired by the design of the archaic Retribution class but without certain holdovers, such as the much maligned nuclear pulse propulsion system, the Ajax was one of the final designs by Orion Shipyards that fell into the 'low tech' design school. 'Pocket Onslaught' would be an apt description of its design and intended purpose. What it sacrifices in armour and staying power, it regains in mobility and frontal firepower.

The similarity to the venerable Onslaught extends to more than mere external similarities. Many components that did not need to be designed from scratch are inherited from the Onslaught wholesale, a fact much appreciated by Hegemony quartermasters of the modern day, considering the general state of manufacturing in the Persean Sector. Even if existing Onslaught parts aren't being recycled, only needing one set of design templates for a whole score of replacement parts for not one but two ship designs greatly simplifies logistics.

The catch is that the Ajax only saw limited deployment in the Domain Armada due to the stigma associated with 'low-tech' designs with the exception of the Onslaught, its reputation unfortunately not rubbing off on the Ajax.
This means it is equally as rare in the Hegemony's own fleet, somewhat defeating the purpose of having a battlecruiser design in the first place.",,,,
,,"Although automated machines of war were forbidden in core Domain space, war drones were quietly employed outside of officially incorporated volume. Nothing like this, however, could possibly have been deployed by the Domain drone armadas.",,,,
nsp_templar,SHIP,"Although automated machines of war were forbidden in core Domain space, war drones were quietly employed outside of officially incorporated volume. Nothing like this, however, could possibly have been deployed by the Domain drone armadas.",,,,
nsp_phosphophyllite,SHIP,"A remnant of the autonomous AI fleets developed by the Tri-Tachyon Corporation. Illegal under Domain (and Hegemony) law, and an abomination to the Church of Galactic Redemption, the First AI War saw these creations purged from the Sector. So the official histories say. ",,,,
nsp_eagle_r,SHIP,"A remnant of the autonomous AI fleets developed by the Tri-Tachyon Corporation. Illegal under Domain (and Hegemony) law, and an abomination to the Church of Galactic Redemption, the First AI War saw these creations purged from the Sector. So the official histories say. ",,,,
nsp_anger_ind,SHIP,"The Anger is a ship that defies traditional expectations of Domain-era shipbuilding. Originally built out of components intended for a variety of different combat vessel hulls, somehow a cohesive design was created in a hidden shipyard beyond the Core Worlds. Originally the brainchild of a brilliant salvager slash inventor, the design, soon after being loaded onto a blueprint chip for nanoforge production, was stolen by, ironically, a salvaging company turned to piracy.",,,,
nsp_mace,SHIP,"The Mace is an interesting hull design, compared to other mainstays of the Persean League's fleet, such as it is. The existence of the Nanoforge on Kazeron is likely the only reason the Mace exists in the first place, giving the navarchs of Kazeron an excuse to tinker with the ability to theoretically build new whip designs from scratch. The Mace isn't that, although it may seem like it. Developed over a painstaking, years long process after the Collapse, using the basis of a prototype Altair Exotech vessel the name of which nobody could recall, and a recovered 'authentication key', for lack of a better term in order to gain kernel-level access to the chip bearing said blueprint, allowing the Kazeron stratocracy's finest minds to effectively beat the prototype's design into the shape of a new vessel. 

The first Mace surprised everyone involved by not exploding the instant it left the orbital works. Compared to many other ships in the Sector, the vessel is practically a newborn. As such, the Persean League's already divided officer corps, due to its officers being sourced from its constituent worlds albeit with a plurality of Kazeronian origin, and lack of a common culture that results from that, has very little idea of what to do with it. It is very missile heavy armaments wise, fitting of its original, especially well suited to field the Directed Energy Munitions almost emblematic of the Persean League, and would do well as a missile boat to complement the existing doctrine. Unfortunately, it is viewed with much suspicion as a pet project of some bored Kazeronians, an untested design, not having weathered the collapse, and unfortunately this attitude has crept all the way up to what passes for the Persean League's high command, leading to the Mace being relegated to the status of a reserve ship, often falling into the hands of young, inexperienced officers. Either by choice or circumstance because all the other, ""better"" vessels had been taken already.
The fact the Mace isn't as capable as, say, an Eagle in direct combat further contributes to its odd stigma. Ironically, it would seem it would only be able to prove itself if the League came under serious external threat, at which point there would be bigger concerns than worrying about some new vessel's place in the overall doctrines.",,,,
nsp_trinarch,SHIP,"Although automated machines of war were forbidden in core Domain space, war drones were quietly employed outside of officially incorporated volume. Nothing like this, however, could possibly have been deployed by the Domain drone armadas.

Integrated impossibly seamlessly for what the Domain Explorarium's motherships should be capable of producing, the Trinarch class' infrastructure is recognizably modeled after that of TriTachyon's automated warships, with many individual components being nearly identical to those seen within them. Though from what tests have been conducted, they are ultimately incompatible with standard drone ships, unless modifications, albeit light ones, are made. A troubling example of rogue machine intelligence.

❝We need to find out what's causing this. From other reports, and accounts from independent spacers, these things are becoming more and more common. Not even just the 'lesser' ones, but the bigger ones too. Eighteen percent. An eighteen percent increase in activity, in the last four cycles alone. If we don't handle this, if we keep ignoring it... we're going to have another war on our hands. End report.❝",,,,
nsp_luminance,SHIP,"Although automated machines of war were forbidden in core Domain space, war drones were quietly employed outside of officially incorporated volume. This vessel, however, bears little resemblance to its Explorarium sisters, save for the Domain of Man's signature livery proudly plastered across its hull. Smooth and rounded armor plating, symmetrical design, energy shielding, and advanced systems set this vessel far apart from the Domain's known combat drone doctrine.

A terrifyingly agile and maneuverable destroyer-sized vessel, the Luminance's combat performance and almost-unnatural maneuvers are something that no human crew could sustain for any meaningful amount of time without suffering serious injury, or death. Furthermore, the nature of it's Blink Drive, what appears to be a heavily modified phase-skimming array integrated with phase coil technology, would place un-due strain on the bodies of biological crew. Psychological effects can only be guessed at. 

Though past Domain-era research points to Artificial Intelligence suffering rapid degradation and corruption when undergoing phase-space dives, the Luminance class' core housing has been engineered specially to protect and shield against these effects. Still, it isn't a perfect solution, as analysis shows that the influence of this other realm is not fully abated. Given the fact that the ship is not a one-off, though, it is evidently good enough of a design to prevent--or rather, prolong the corruption of it's artificial pilots to an acceptable degree.",,,,
nsp_medusa_lt,SHIP,"A fearsome ship whose top tier engines provide great speed and maneuverability for a destroyer. This variant of the venerable destroyer is based on a prototype test-bed, the blueprint of which was never supposed to see the light of day. Lacking the energy weaponry and phase skimmer array of it's completed successor, this vessel in-turn has slightly more armor, and an increase in missile firepower. While undoubtedly less capable, it is nonetheless a ship one would be wise not to underestimate.

The Medusa is one of the most respected destroyers in the Sector due to its association with black ops and elite pirates, and the few spacers who have crewed aboard a Medusa can attest to its technological sophistication.

Medusa-class blueprints are few in number and are closely guarded by their owners; pirates have acquired a Medusa-class hull only a handful of times and the results were inevitably drastic, though short-term, threat to local patrols and subsequent reduction in small to medium intrasystem shipping volume. Such events are considered a tremendous nuisance, particularly accounting for increased insurance premiums. Many trade combines will simply call for their fleets to wait for the pirates to run down their new toy's combat readiness so that local authorities can remove the problem once and for all.",,,,
deepstrike,SHIP_SYSTEM,"Temporarily engages a primary burn on the system travel drive of the ship. Provides a massive speed boost, and boosts the fire rate of all ship weaponry for the duration of the burn. Cannot be toggled once active.",,,,
nsp_derelict_blockhead,SHIP,"Although automated machines of war were forbidden in core Domain space, war drones were quietly employed outside of officially incorporated volume. Frontier garrisons were often bolstered by drone ships, and they were deployed liberally against rebellious worlds to tip the terrible balance of attrition, setting the industrial might of the Domain versus the lives of 'freedom fighters'.

At a glance, this amusingly named vessel, the 'Blockhead', appears to be just another automated weapon platform of the Domain Explorarium, as well as a ""support"" vessel used to crush any group that would rebel against the Domain's ironclad authority. However, it differs greatly from other comparable droneships by having an integrated Damper Field of suspiciously high quality, capable of mitigating damage to the degree of a modern example as seen in vessels such as the Vanguard and Mora.  No doubt this ship was used as a relatively small anvil to break anything that could hypothetically threaten one of the great survey ships of the Domain... or anything that could hypothetically threaten the Domain itself from within. ",,,,
nsp_phosphoresence,SHIP,"A remnant of the autonomous AI fleets developed by the Tri-Tachyon Corporation. Illegal under Domain (and Hegemony) law, and an abomination to the Church of Galactic Redemption, the First AI War saw these creations purged from the Sector. So the official histories say. ",,,,
messenger_builtin,WEAPON,"Based loosely on the Devastator cannon, the Herald Defense Cannon is a potent point-defense weapon engineered specifically for usage within the domain's Explorarium fleets. It is a potent piece of artillery, and should not be underestimated.",,,,
nsp_invictus_xiv,SHIP,"A design dating to the first explosive expansion of the Domain, this gargantuan mass of armor and all-big-guns was the gauntleted fist that smashed all opposition, spreading hegemony by fear and force over all of spacefaring humanity that was worth conquering.

The steady march of military technology left the hull outdated, however. Its armor design was incompatible with early shield generators, its minimum crew complement staggering, and targeting systems unsophisticated. Modernized replacements were soon developed and the Onslaught-class, among others, was churned out by the great Domain forges. 

An age passed. And, as if by Providence, an expedition sent by the Knights of Ludd discovered an uncorrupted museum archive on a murdered world. A council of inquisitors weighed whether to destroy the Domain-era knowledge, holding a fiery - and secret - debate over the line between sin and virtue, between righteous craft and corrupting technology. An unusually open-minded senior knight-inquisitor examined the contents in detail and persuaded the council to defer the destruction order indefinitely. 

This hull was christened Invictus, a testament to the impossibly heavy armor and vast mass of this absurd cathedral of war. No proper navy would field this monstrosity, but the Church and its Knights can count on a bounty of faithful volunteer-militants to crew the huge munition feeders and crude targeting stations.",,,,
nsp_hobgoblin,SHIP,"The product of a special project by Orion Shipyards, the Hobgoblin class phase destroyer is an early forray into the applications of phase technologies upon military vessels, with the project having partially been the result of a special contract awarded to the corporation by the Domain government, having been narrowly chosen over it's rival, Altair Exotech. Fast, well-armed and surprisingly comfortable for a ship of it's type, the Hobgoblin comes with a hefty maintenance cost relative to it's size, owing to the vessel's ammunition feeders, and specially tuned phase coils. An aggressive statement.",,,,
nsp_reprieve,SHIP,"The Reprieve has more than just a passing resemblance to the Invictus-class battleship due to the fact it was designed roughly at the same time as its larger counterpart. Historical details, of course, are scarce, but what little we know indicates the Reprieve ended up complimenting the Invictus in the Domain's earliest fleets, forming ""gun-lines"" that could annihilate anything that the rest of spacefaring humanity was capable of fielding. Also like the Invictus, it quickly became obsolete, but stuck around longer by virtue of not being as obscenely expensive to crew and supply as its bigger sibling.",,,,
nsp_gun_platform,SHIP,"A simple gun platform intended for usage within the fleets of the Domain's Drone Explorarium. Highly modular, this platform can be easily adjusted to suit various different roles. ",,,,
nsp_gun_platform2,SHIP,"A simple gun platform intended for usage within the fleets of the Domain's Drone Explorarium. Highly modular, this platform can be easily adjusted to suit various different roles. ",,,,
nsp_gun_platform3,SHIP,"A simple gun platform intended for usage within the fleets of the Domain's Drone Explorarium. Highly modular, this platform can be easily adjusted to suit various different roles. ",,,,
nsp_derelictbomber,SHIP,"Heavily armored and incredibly durable, this bomber platform is intended to be able to sustain heavy damage en route to a given target, being equipped with particularly heavy armor, and even the addition of an archaic damper field shielding system.",,,,
nsp_derelictfighter,SHIP,"Uncrewed and uncaring, this brutally simole fighter, while unelegant in form and in design, is brutally efficient in it's role.",,,,
nsp_rampartcarrier,SHIP,"Although automated machines of war were forbidden in core Domain space, war drones were quietly employed outside of officially incorporated volume. Frontier garrisons were often bolstered by drone ships, and they were deployed liberally against rebellious worlds to tip the terrible balance of attrition, setting the industrial might of the Domain versus the lives of 'freedom fighters'.",,,,
nsp_siegecarrier,SHIP,"Although automated machines of war were forbidden in core Domain space, war drones were quietly employed outside of officially incorporated volume. Frontier garrisons were often bolstered by drone ships, and they were deployed liberally against rebellious worlds to tip the terrible balance of attrition, setting the industrial might of the Domain versus the lives of 'freedom fighters'.",,,,
nsp_hammerhead_tt,SHIP,"A midline destroyer from the golden age of the Domain, the Hammerhead is respected for its staying power in battle as well as its ballistic capabilities. This variant of the ship has been massively overhauled, and upgraded, by the TriTachyon corporation.",,,,
nsp_nemetor,SHIP,"Although automated machines of war were forbidden in core Domain space, war drones were quietly employed outside of officially incorporated volume. This vessel, however, bears little resemblance to its Explorarium sisters, save for the Domain of Man's signature livery proudly plastered across its hull. Smooth and rounded armor plating, symmetrical design, energy shielding, and advanced systems set this vessel far apart from the Domain's known combat drone doctrine.

A thoroughbred battleship with heavy armor and even heavier armament, the Nemetor inspires fear as much as it wreaks destruction. Automated hull filled with experimental high-tech systems both matching and not to known technology, the most stand-out feature of this vessel is its highly volatile and presumably experimental flux-grid. Large amounts of hard-flux are continuously vented into a localized pocket of semi-stable p-space within the ship, and violently released upon use of a modified phase skimmer system via propagated disruption, resulting in an immense energy burst inflicting heavy damage to anything caught in the shockwave.

""It shouldn't have been possible- a ship the size of a Paragon, there one moment and somewhere else the next! I couldn't believe my eyes, the entire vessel had teleported a good few times its own length... then the shockwave hit. I was only saved because my harness failed and I got knocked into that escape pod. Ludd have mercy on us all..."" - Recovered cut interview from ""Stellar Madness: Stories of the Salvors"" documentary, released c.202",,,,
nsp_derelictvanguard,SHIP,"Although automated machines of war were forbidden in core Domain space, war drones were quietly employed outside of officially incorporated volume. Frontier garrisons were often bolstered by drone ships, and they were deployed liberally against rebellious worlds to tip the terrible balance of attrition, setting the industrial might of the Domain versus the lives of 'freedom fighters'.",,,,
nsp_derelictpursuit,SHIP,"Although automated machines of war were forbidden in core Domain space, war drones were quietly employed outside of officially incorporated volume. Frontier garrisons were often bolstered by drone ships, and they were deployed liberally against rebellious worlds to tip the terrible balance of attrition, setting the industrial might of the Domain versus the lives of 'freedom fighters'.",,,,
nsp_carrierplatform,SHIP,"Although automated machines of war were forbidden in core Domain space, war drones were quietly employed outside of officially incorporated volume. Frontier garrisons were often bolstered by drone ships, and they were deployed liberally against rebellious worlds to tip the terrible balance of attrition, setting the industrial might of the Domain versus the lives of 'freedom fighters'.",,,,
nsp_konoblin,SHIP,"A ramshackled, makeshift design produced primarily by pirates, the Konoblin is a frustrating example of 'ingenuity', usually built out of two Gremlin class frigates, in order to create a destroyer sized phase platform. No two Konoblins are the same, and every example seen thus far has been plagued with severe issues stemming from the lack of proper manufacturing capabilities that pirates suffer from. Still, the vessel has proven itself to be useful enough to warrant it's continual usage within various pirate fleets.",,,,
orbital_habitat_domainships,CUSTOM,"An abandoned orbital habitat. A cursory scan indicates that, while it has been cold and dead for tens of cycles at the very least, possibly hundreds, it is in unusually pristine condition. Closer inspection may yield salvage.",,,,
nsp_dominatormk1,SHIP,"This mysterious cruiser was found in long-forgotten deep space, having only been located due to it's poorly-understood connection to it's flagship, the Onslaught Mk.1 recovered from the Orion-Perseus Abyss. While it does not have a recorded identification of its class anywhere within its memory, it most closely resembles an early prototype of a Dominator-class cruiser; though with a number of glaring differences.

While the Dominator-class is renowned for its plentiful ballistic hardpoints in the front of the vessel, this older model, unlike it's modern successor, trades it's missile firepower for extreme armor protection in the form of applique armor plates, and the addition of a built-in Heavy Adjucator flak weapon. Furthermore, it's frontal large mounts, instead of being hardpoints, are turreted mounts, allowing the vessel more ease in targeting when compared to the modern Dominator class. Like it's fellow ancients, it too is equipped with extremely robust electromechanical automation, allowing it to continue operations from a single unified command despite extreme damage or attrition.

Presumably designed to support the larger Onslaught-class, this primitive Dominator is, just like its modern counterpart, quite capable of punching far above its weight in battle.",,,,
nsp_legionmk1,SHIP,"This mysterious carrier was found in long-forgotten deep space, having only been located due to its poorly-understood connection to it's flagship, the Onslaught Mk.1 recovered from the Orion-Perseus Abyss. While it does not have a recorded identification of its class anywhere within its memory, it most closely resembles an early prototype of a Legion-class carrier; though with a number of glaring differences.

Like the Onslaught, it is equipped with extremely robust electromechanical automation, allowing it to continue operations from a single unified command despite extreme damage or attrition; though this simple design comes with drawbacks for a complex system that produces fighter-craft. As such, this ancient Legion is quite literal in its description being a ""carrier"".  Equipped with an ancient model of carrier-type  nanoforge, this aging vessel is incapable of the modern day output seen in it's matured successor, and modern carrier nanoforges overall. Furthermore, it's designs are hard-coded into the nanoforge, and It is thus incompatible with modern modular fighter LPCs, alongside suffering from comparatively slower refit and replacement time in combat. 

Presumably to account for the increased time needed in combat to affect repairs and reinforcement, this Legion is perhaps the most heavily armored of all its contemporaries - sporting twice the number of armor applique modules, it can soak up tremendous amounts of damage while maintaining strike pressure against the enemies of the Domain.",,,,
nsp_dominator_pr,SHIP,"Ponderous and menacing, the Dominator-class is one of the most widespread system defense cruisers in Domain space. 

While not the most technologically advanced hull, it relies on a plethora of ballistic hardpoints to accomplish its mission, which is more often than not defending orbital installations and vital points of intra-system trade routes. A poor shield emitter which is difficult to manage and thus, rarely engaged, gives way to an almost impregnable interlocking armor belt system making the Dominator safe from most weapons. Even strike craft cannot overcome the hail of projectiles that can be launched to intercept their payloads. This hull proves that tried and true military engineering is difficult to overcome by new ideas and technologies, especially when in the hands of tough, determined crews and experienced officers.

Dependable, durable, and a constant presence in home space around civilized worlds and outposts, the Dominator is perhaps most hated and feared by pirates and law-breaking corporate agents. 

This Dominator variant was discovered inactive within the ship docks of what is now understood to be a well-preserved, private Domain habitat. While Domain standards of insignia mandated Navy ships to be painted according to their associated battlegroup, this ship has been instead matched to the colors of the Domain Navy itself. Data scraped from the vessel's memory indicates it was a ""prototype parade-ship""; explaining the unusual paintjob, but not so much the modifications.\par
The ship has all the hallmarks of a typical Dominator: plentiful ballistic mounts, interlocking armor, burn drive system. Notably, however, the ship has been equipped with an unfamiliar engine array; likely prototypical Domain propulsion technology, the engines allow for increased speed and maneuverability in comparison to their standard counterparts, and will reroute power into the weapons arrays when actived for a burn; boosting firerate significantly.

Additionally, the typical inbuilt shield emitters are missing - they have been replaced with an older, external system that is potentially vulnerable to external weapons fire. Instead, the shield emitter is tied to the ship's unusual engines, utilizing a poorly-understood process to ""trim"" excess power and reroute it directly into the shields; increasing their flux efficiency at higher speeds.",,,,
nsp_onslaught_domain,SHIP,"A venerable design, the Onslaught-class battleships were first created to serve the Domain Armada long ago, before the development of advanced strike weapons, modern energy weapons, and shield systems. 

When first launched from orbital dock, their firepower and burst-speed surely intimidated entire systems. Some even say that they were built to combat non-humans in a long forgotten war. Much later, Orion Shipyards engineers made modifications to the blueprints to include a shield system, upgraded the hyperdrive, and reduced the required crew complement through automation and iterative engineering. Even though more advanced blueprints are available, the Onslaught remains the easiest to manufacture due to the brutal simplicity of its systems. 

A ship designed without shields in mind, built to be able to withstand a heavy barrage of enemy fire and strike back while protecting its crew is much loved by its officers and crew. And strike back it can; the Onslaught's unmatched ballistic potential can devastate entire fleets in minutes, its only drawback a logistical dependency on ammunition. 

Onslaught crews are proud to serve in the class which forms the backbone of the Hegemony Navy.

This Onslaught variant was discovered inactive within the ship docks of what is now understood to be a well-preserved, private Domain habitat. While Domain standards of insignia mandated Navy ships to be painted according to their associated battlegroup, this ship has been instead matched to the colors of the Domain Navy itself. Data scraped from the vessel's memory indicates it was a ""prototype parade-ship""; explaining the unusual paintjob, but not so much the modifications.

The ship has all the hallmarks of a typical Onslaught: twin forward thermal pulse cannons, heavy armor profile, burn drive system. Notably, however, the ship has been equipped with an unfamiliar engine array; likely prototypical Domain propulsion technology, the engines allow for increased speed and maneuverability in comparison to their standard counterparts, and will reroute power into the weapons arrays when actived for a burn; boosting firerate significantly.

Additionally, the typical inbuilt shield emitters are missing - they have been replaced with an older, external system that is potentially vulnerable to external weapons fire. Instead, the shield emitter is tied to the ship's unusual engines, utilizing a poorly-understood process to ""trim"" excess power and reroute it directly into the shields; increasing their flux efficiency at higher speeds.",,,,
nsp_legion_domain,SHIP,"Classified as a battlecarrier, the Legion mounts an impressive array of heavy weapons, hangar-space, and command-control sufficient to field four fighter wings. Later models were upgraded with nanoforges keyed to replacement of fightercraft, significantly increasing tooth-to-tail ratio on distant deployments.

After the legendary success of the Onslaught design it became clear that rebellious systems without ultra-heavy industry were able to develop carrier-based strike-craft capable of countering the 'Old Man' of the Armada. Alongside new weapons - nimble anti-fighter missiles and rapid-tracking point defense cannon - the Strategic Council decided to deploy a carrier worthy of service alongside the Onslaught. Thus the Legion was designed to provide a platform for interceptors and strike-craft while standing on the line of battle. 

Proponents of the 'Cruiser School' criticized the Legion for insufficient specialization, maintaining that similar fighter volume can be fielded at less cost and greater flexibility if combat roles are separated into distinct ship hulls. These economic arguments do pale in the face of an incoming Legion engaging its burn drive to deliver crushing firepower at the key point of battle.

This Legion variant was discovered inactive within the ship docks of what is now understood to be a well-preserved, private Domain habitat. While Domain standards of insignia mandated Navy ships to be painted according to their associated battlegroup, this ship has been instead matched to the colors of the Domain Navy itself. Data scraped from the vessel's memory indicates it was a ""prototype parade-ship""; explaining the unusual paintjob, but not so much the modifications.\par
The ship has all the hallmarks of a typical Legion: dual docking arrays, heavy missile integration, burn drive system. Notably, however, the ship has been equipped with an unfamiliar engine array; likely prototypical Domain propulsion technology, the engines allow for increased speed and maneuverability in comparison to their standard counterparts, and will reroute power into the weapons arrays when actived for a burn; boosting firerate significantly.

Additionally, the typical inbuilt shield emitters are missing - they have been replaced with an older, external system that is potentially vulnerable to external weapons fire. Instead, the shield emitter is tied to the ship's unusual engines, utilizing a poorly-understood process to ""trim"" excess power and reroute it directly into the shields; increasing their flux efficiency at higher speeds.",,,,
nsp_legion_safeguard,SHIP,"Built to the specifications of the 14th Domain Battlegroup which founded the Hegemony, this vessel is a prime example of the Domain Navy's 'decisive battle' doctrine, particularly exhibited by a series of radical structural modifications performed using pre-Collapse industrial technology. Classified as a battlecarrier, the Legion mounts an impressive array of heavy weapons, hangar-space, and command-control sufficient to field four fighter wings. Later models were upgraded with nanoforges keyed to replacement of fightercraft, significantly increasing tooth-to-tail ratio on distant deployments.

After the legendary success of the Onslaught design it became clear that rebellious systems without ultra-heavy industry were able to develop carrier-based strike-craft capable of countering the 'Old Man' of the Armada. Alongside new weapons - nimble anti-fighter missiles and rapid-tracking point defense cannon - the Strategic Council decided to deploy a carrier worthy of service alongside the Onslaught. Thus the Legion was designed to provide a platform for interceptors and strike-craft while standing on the line of battle. 

Proponents of the 'Cruiser School' criticized the Legion for insufficient specialization, maintaining that similar fighter volume can be fielded at less cost and greater flexibility if combat roles are separated into distinct ship hulls. These economic arguments do pale in the face of an incoming Legion engaging its burn drive to deliver crushing firepower at the key point of battle.",,,,
nsp_onslaught_safeguard,SHIP,"Built to the specifications of the 14th Domain Battlegroup which founded the Hegemony, this vessel is a prime example of the Domain Navy's 'decisive battle' doctrine, particularly exhibited by a series of radical structural modifications performed using pre-Collapse industrial technology. A venerable design, the Onslaught-class battleships were first created to serve the Domain Armada long ago, before the development of advanced strike weapons, modern energy weapons, and shield systems. 

When first launched from orbital dock, their firepower and burst-speed surely intimidated entire systems. Some even say that they were built to combat non-humans in a long forgotten war. Much later, Orion Shipyards engineers made modifications to the blueprints to include a shield system, upgraded the hyperdrive, and reduced the required crew complement through automation and iterative engineering. Even though more advanced blueprints are available, the Onslaught remains the easiest to manufacture due to the brutal simplicity of its systems. 

A ship designed without shields in mind, built to be able to withstand a heavy barrage of enemy fire and strike back while protecting its crew is much loved by its officers and crew. And strike back it can; the Onslaught's unmatched ballistic potential can devastate entire fleets in minutes, its only drawback a logistical dependency on ammunition. 

Onslaught crews are proud to serve in the class which forms the backbone of the Hegemony Navy.",,,,
nsp_dominator_safeguard,SHIP,"Built to the specifications of the 14th Domain Battlegroup which founded the Hegemony, this vessel is a prime example of the Domain Navy's 'decisive battle' doctrine, particularly exhibited by a series of radical structural modifications performed using pre-Collapse industrial technology. Ponderous and menacing, the Dominator-class is one of the most widespread system defense cruisers in Hegemony space. 

While not the most technologically advanced hull, it relies on a plethora of ballistic hardpoints to accomplish its mission, which is more often than not defending orbital installations and vital points of intra-system trade routes. A poor shield emitter which is difficult to manage and thus, rarely engaged, gives way to an almost impregnable interlocking armor belt system making the Dominator safe from most weapons. Even strike craft cannot overcome the hail of projectiles that can be launched to intercept their payloads. This hull proves that tried and true military engineering is difficult to overcome by new ideas and technologies, especially when in the hands of tough, determined crews and experienced officers.

Dependable, durable, and a constant presence in home space around civilized worlds and outposts, the Dominator is perhaps most hated and feared by pirates and law-breaking corporate agents.",,,,
nsp_eagle_safeguard,SHIP,"Built to the specifications of the 14th Domain Battlegroup which founded the Hegemony, this vessel is a prime example of the Domain Navy's 'decisive battle' doctrine, particularly exhibited by a series of radical structural modifications performed using pre-Collapse industrial technology. Eagle-class cruisers are often found at the core of military fleets headed for battle. It is not hard to see why: A strong overall profile, with a robust engine, the Eagle's deadly weapons package is a threat to all enemies.

The Eagle can deliver a strong tactical punch to enemy formations. Its numerous turret and hardpoint emplacements make it very dangerous to smaller foes. Decent armor and a strong shield emitter let it hold space while outnumbered, or even when faced with the rare larger ship. 

These strengths are somewhat countered by strike craft - an Eagle captain must always watch their scopes for an approaching strike squadron, since their ship will be easily crippled by multiple hits from modern strike weapons. 

The embodiment of the sleek and powerful space cruiser from the time of the Domain, the Eagle-class ships are a beautiful reminder of the technological and aesthetic achievements of humanity's past.",,,,
nsp_falcon_safeguard,SHIP,"Built to the specifications of the 14th Domain Battlegroup which founded the Hegemony, this vessel is a prime example of the Domain Navy's 'decisive battle' doctrine, particularly exhibited by a series of radical structural modifications performed using pre-Collapse industrial technology. Often called the Eagle cruiser's little brother, the Falcon-class cruiser sacrifices armor for speed, neatly filling the light cruiser role in military fleets throughout the Sector. 

The light designation does not indicate a significant reduction in firepower, however, making the Falcon a valuable tactical asset to any fleet. The ship is easily able to fill a wide variety of roles, from close support to assault, given the proper configuration. 

The Falcon's top notch engines give it the ability to quickly disengage from battle should its defenses be pressed to a critical point.

Swift and elegant, Falcon-class cruisers are often found as lead elements in larger fleet formations, or deployed to reinforce anti-pirate convoys.",,,,
nsp_enforcer_safeguard,SHIP,"Built to the specifications of the 14th Domain Battlegroup which founded the Hegemony, this vessel is a prime example of the Domain Navy's 'decisive battle' doctrine, particularly exhibited by a series of radical structural modifications performed using pre-Collapse industrial technology. The Enforcer-class ships commonly serve in system or convoy defense roles. The design features good armor and multiple ballistic hardpoints, while shield performance is somewhat underwhelming. 

The blueprints of the ship call for many components similar to those found in the Onslaught-class battleships, suggesting that the designs were created during a similar period of military expansion in the Domain. The Enforcer-class features similar no-nonsense weapon system design choices, tough bulkheads, and is well regarded by its crews.

Tough to beat in a destroyer to destroyer fight, the Enforcer rarely takes part in larger battles due to the common view that its low speed makes it a liability. Nonetheless, Hegemony order of battle doctrines mandate an attached Enforcer squadron as a screen for Onslaught-class battleships. The logistical ease with which shared components can be used by both ship types is exactly the type of detail that excites Hegemony logistics bureaucrats.",,,,
nsp_adjutant,WEAPON,"A colossal flak weapon platform, the Adjutant defense cannon surely would have never been needed by the Domain, with the likes of the Devastator and Herald weapons platforms. What kind of existential threat could have spurred the creation of such a weapon? Such answers, hopefully, will stay lost to time.",,,,
nsp_saros,SHIP,"An ancient, resilient design of drone fighter from a bygone era.",,,,
nsp_destrapogee,SHIP,"A high tech destroyer in the same family of the famous Apogee class, the Culmination is the result of a program which desired to bring similar exploratory capabilities, in a smaller form factor. A somewhat odd thing, this destroyer is rarely seen in the modern persean sector, thanks to only having been produced in limited amounts prior to the collapse. Before, of course, it's blueprint was recovered during an expedition outside the coreworlds.",,,,
nsp_iliad,SHIP,"The result of observations following the initial failure yet eventual success of the Odyssey-class battlecruiser, the Iliad was intended to be a more coherent successor to the allegedly AI designed vessel. Based upon the often overlooked Conquest-class in order to save time in the design phase, the Iliad's creation process was, at first, rather smooth. Unfortunately, the project was soon plagued by both budget constraints and increased demands, simultaneously from higher departments as well as potential customers. This resulted in several rushed aspects and design concessions being forced into the vessel to appease timeline constraints, conflicting cutting-edge systems shoved haphazardly into the ungainly spheroid hull. The result was, begrudgingly, well-received and moderately successful, but the issues plaguing it prevented it from reaching a wider market than those investors suffering from sunk-cost fallacy, with the occasional exception of a particularly delusional Odyssey-class captain.",,,,
nsp_phasetunneler,SHIP_SYSTEM,Violently shunts the ship into an alternate reality. Causes destructive localized disruptions of space-time upon reemergence. ,,,,
nsp_incursion,SHIP,"A succesor to the late Vanguard class heavy frigate, the Incursor was designed to serve a more aggressive, rapid-response esque role. Equipped with a low-grade burn which can be maintained indefinitely, this ship is deceptively fast and maneuverable for something of it's age.",,,,
nsp_incursion_path,SHIP,"A succesor to the late Vanguard class heavy frigate, the Incursor was designed to serve a more aggressive, rapid-response esque role. Equipped with a low-grade burn which can be maintained indefinitely, this ship is deceptively fast and maneuverable for something of it's age.",,,,
nsp_incursion_merc,SHIP,"A succesor to the late Vanguard class heavy frigate, the Incursor was designed to serve a more aggressive, rapid-response esque role. Equipped with a low-grade burn which can be maintained indefinitely, this ship is deceptively fast and maneuverable for something of it's age. This variant has been heavily upgraded and retrofit by a now-defunct mercenary company.",,,,
nsp_incursion_church,SHIP,"A succesor to the late Vanguard class heavy frigate, the Incursor was designed to serve a more aggressive, rapid-response esque role. Equipped with a low-grade burn which can be maintained indefinitely, this ship is deceptively fast and maneuverable for something of it's age. This variant has been superficially modified to don the livery of the church.",,,,
nsp_dominator_pather,SHIP,"Ponderous and menacing, the Dominator-class is one of the most widespread system defense cruisers in Hegemony space. 

While not the most technologically advanced hull, it relies on a plethora of ballistic hardpoints to accomplish its mission, which is more often than not defending orbital installations and vital points of intra-system trade routes. A poor shield emitter which is difficult to manage and thus, rarely engaged, gives way to an almost impregnable interlocking armor belt system making the Dominator safe from most weapons. Even strike craft cannot overcome the hail of projectiles that can be launched to intercept their payloads. This hull proves that tried and true military engineering is difficult to overcome by new ideas and technologies, especially when in the hands of tough, determined crews and experienced officers.

Dependable, durable, and a constant presence in home space around civilized worlds and outposts, the Dominator is perhaps most hated and feared by pirates and law-breaking corporate agents. 

Heavily modified my the radical militants of the luddic path, this once sluggish ship has been turned into a terrifying, jury-rigged weapon of war.",,,,
nsp_hammerhead_pather,SHIP,"A midline destroyer from the golden age of the Domain, the Hammerhead is respected for its staying power in battle as well as its ballistic capabilities. Fit with extreme modifications by it's Luddic Path crew, this vessel has been turned into a 'holy' weapon of war.",,,,
nsp_gleam,SHIP,"Although automated machines of war were forbidden in core Domain space, war drones were quietly employed outside of officially incorporated volume. Nothing like this, however, could possibly have been deployed by the Domain drone armadas.",,,,
nsp_parasite,SHIP,"Although automated machines of war were forbidden in core Domain space, war drones were quietly employed outside of officially incorporated volume. Nothing like this, however, could possibly have been deployed by the Domain drone armadas.",,,,
nsp_rampager,SHIP,"Although automated machines of war were forbidden in core Domain space, war drones were quietly employed outside of officially incorporated volume. This vessel, however, bears little resemblance to its Explorarium sisters, save for the Domain of Man's signature livery proudly plastered across its hull. Smooth and rounded armor plating, symmetrical design, energy shielding, and advanced systems set this vessel far apart from the Domain's known combat drone doctrine. 

A brutal design and strong case for the Hegemony's strict control over the usage of AI, the Rampager is a ship that could only have emerged from the most deranged sectors of machine intelligence. The entire ship is underpinned by exotic semi-independent subsystems, leeching power from its surroundings to drive a temporal accelerator only describable as eldritch in nature. Whether due to programmed overrides, induced pseudo-psychosis, or something else entirely unknown, the Rampager seems to take fierce grasp of any captaining AI core- resulting in horrifyingly reckless combat behavior, explained only as consuming, primal rage by those assigned to command it. A weak shield emitter and unimpressive armor betray the ship's durability, as the energy harvested from each vessel felled by the Rampager's hands feeds an elaborate network of self-repair systems capable of regenerating damaged plating. Excessive armament and powerful engines complete the immense capacity for destruction of the Rampager, a final garnish of horror upon such a cruel amalgam of steel and fury.",,,,
nsp_angurvadal,WEAPON,"A highly advanced, general purpose medium range gun battery with high damage and a heavy EMP payload. Its unstable energy bolts are fired in large bursts, prone to detonation before reaching their maximum range.

Built off of a simplified version of the exotic Mjolnir cannon, the Angurvadal sets itself apart from its predecessor with an extra barrel and completely reworked repeating mechanism. Using a lower-powered gravitic lens system and higher exotic matter payload, the Angurvadal's multi-linked firing chamber can release a rapid torrent of projectiles before requiring a lengthy reload. Without the energy bolt coherence provided by a high power gravitic lens, each projectile is highly prone to violent premature detonation across its flight path. Due to this projectile instability, the Angurvadal more closely resembles a flak cannon than a traditional gun battery- spreading its destructive potential across a large area rather than a concentrated single point.",,,,
deepstrikerampager,SHIP_SYSTEM,"Engages a brief semi-independent subsystem overdrive, increasing timeflow and throwing the ship forwards in a reckless charge.",,,,
nsp_champion_auto,SHIP,"The Champion-class heavy cruiser is a versatile warship featuring a range of powerful energy weapons; the crowning element is a heavy energy turret mounting, rare among midline ships. This offensive array is backed by a robust energy grid capable of supercharging the energy weapon loadout, increasing damage output to devastating levels. A heavy missile hardpoint complements the loadout by enabling the Champion to unleash a crippling strike without taxing flux levels. The Champion is a solid and capable contender, able to face capital ships on the battle-line. This variant has been heavily modified, with a highly illegal autonomous conversion having been performed.

A relatively recent design, the Champion is a product of the historically recent ""Cruiser School"" naval revolution that never saw active service in the pre-collapse Domain Armada. Although prototypes were constructed and forge-ready specifications distributed to several battlegroups, the Champion was never cleared for active deployment due to an ongoing lawsuit between Altair Exotech and Orion Shipyards. Each megacorp accused the other of industrial espionage and inappropriately influencing the Armada officers overseeing the procurement process. The truth was more complex, inflaming longstanding rivalries in the officer corps as the investigatory committee called witness after witness. The Collapse prevented any sort of conclusive ruling from reaching the Persean Sector however, and now the entire matter is considered irrelevant. With the discovery of Champion plans on a Domain armaments courier, the warship was quickly put into service by the fleet of the Persean League, among others.",,,,
nsp_dominator_phase,SHIP,"Ponderous and menacing, the Dominator-class is one of the most widespread system defense cruisers in Hegemony space. The idea of such a vessel being converted to have phase capabilities would be anathema to most engineers within the sector, and appaling to any proud Hegemony officer, or faithful follower of Ludd. And yet, here it is.

While not usually the most technologically advanced hull, it relies on a plethora of ballistic hardpoints to accomplish its mission, which is more often than not defending orbital installations and vital points of intra-system trade routes. It's poor shield emitter has been entirely replaced by a phase coil system, it's internals having been entirely and professionally overhauled, something out of scope even within the wealth that operating in a legal gray area can pose. Evidence within the ship's logs, though limited, alludes to Tri-Tachyon influence within the conversion process of this vessel.

Dependable, durable, and a constant presence in home space around civilized worlds and outposts, the Dominator is perhaps most hated and feared by pirates and law-breaking corporate agents.",,,,
nsp_elucidation,SHIP,"A remnant of the autonomous AI fleets developed by the Tri-Tachyon Corporation. Illegal under Domain (and Hegemony) law, and an abomination to the Church of Galactic Redemption, the First AI War saw these creations purged from the Sector. So the official histories say. 

A Tri-Tachyon special project created with the explicit purpose of wowing potential investors and creating confidence in it's drone-ship projects, the Elucidation class heavy cruiser incorporates several highly advanced technologies in a relatively small, and mobile package. Given the lack of a human crew and thus the necessary concessions for one, it gave Tri-Tachyon's engineers ample space to pack in a weapon suite that could be considered absurd for a cruiser-scale vessel, alongside an energy-bolt-coherence system to further facilitate it's lethality in combat.

Thought to have only been produced in the single digits prior to the onset of the first AI war, these examples were thought confiscated or destroyed in the aftermath of the conflict, but reports of vessels matching it's descriptions do yet exist, shared amongst the odd paranoid spacer, or word-of-mouth legend, and any spacer would be wise to hope that that's what they are. Just legends.",,,,
plasmaoverdrive,SHIP_SYSTEM,Temporarily overcharges both the engine and weaponry systems of the ship. ,,,,
nsp_thgualsno,SHIP,"What is there to be said about the Thgualsno? It is exactly what it looks like to even the most casual observer: an Onslaught class battleship, but wrong in every way. Its engines are mounted where the Thermal Pulse Cannons would be positioned on a standard Onslaught. Its many, many missile mounts are, likewise, where the engines should be on an Onslaught. 

There are many contradictory tales of how this ship came to be, but there are two that stand out as the most repeated and plausible. The first is that a particularly ambitious pirate warlord invested vast amounts of time and credits into cracking the encryption, or just scraping the data of, an Onslaught blueprint for mass production via a stolen nanoforge. The end result was supposedly the first Thgualsno, the sight of which driving the warlord over the edge and causing him to space himself, his warband breaking up after his death. The other is that the first Thgualsno was found by pirates scouring the outer reaches of the Sector. In a dead system that was scoured by the First AI War, a malfunctioning nanoforge, yet still barely functioning, spat out the design once fed a small amount of metal, enough to finalise it. Data corruption due to exposure to hard radiation over a period of years somehow produced a design that human eyes could comprehend, if barely. The resulting glitched Onslaught blueprint was copied and sold to both black and open market channels, explaining how non-pirate operated versions of this ship even exist in the first place.",,,,
nsp_mothership,CUSTOM,"One of the legendary survey motherships, the quiet automated workhorse of the Domain exploration and colonization effort. This is in essence a von Neumann probe, as the survey motherships contain autoforge capacity to manufacture a suite of smaller survey ships and the supplies required to perform its ongoing mission. This specimen is burned and battered by its centuries of service to the Domain, a drifting forgotten hulk.",,,,
nsp_surveyship,CUSTOM,"An automated survey ship from a long-past wave of Domain exploration. Thousands of ships like this were sent in waves, some independent, others attached to (or manufactured by) similarly automated motherships following the first wave of robot probes. This apparently unresponsive hulk has been ravaged by centuries of exposure to charged particles and high velocity impacts from interstellar dust.",,,,
nsp_miningstation,CUSTOM,"An automated mining station constructed by, according to it's visual markings and function-over-form design, and transponder signal, the Domain's Drone Explorarium.",,,,
nsp_habplanet,CUSTOM,"A near-terran compatible ecosystem has taken tentative hold on this world despite highly abnormal planetary conditions. That this planet maintains a breathable atmosphere (or near enough) is a testament to the tenacity and adaptability of biological life. Evidence of colonization efforts are visible from orbit, but the planet's once thriving cities and population centers have been scattered to the winds in the wake of the collapse.",,,,
nsp_fringeworld,CUSTOM,"A frozen wasteland covered with volcanoes that erupt ammonia or more rarely, water instead of magma. Evidence of a failed terraforming project can be seen from orbit, vast machines laying silent in the icy wastes they had once toiled to change.",,,,
nsp_manufacturingcenter,CUSTOM,"Radiation from the nearby star ravages the surface of this world due to the lack of an atmospheric ozone layer. No significant geological activity. No indigenous life forms. Evidence of ancient industrial ruins can be observed from orbit, in unusually pristine condition. ",,,,
nsp_manufacturingcenter2,CUSTOM,"Radiation from the nearby star ravages the surface of this world due to the lack of an atmospheric ozone layer. No significant geological activity. No indigenous life forms. Evidence of ancient industrial ruins can be observed from orbit, in unusually pristine condition. ",,,,
nsp_fueldepot,CUSTOM,"Primarily composed of hydrogen and helium gases. The temperature and pressure at the core are extreme, but not enough to sustain the deuterium fusion that would turn the planet into a brown dwarf star. Automated fuel processing facilities lie in careful equilibrium beneath the planet's atmosphere, sustained by the antimatter fuel they refine and process, toiling ceaselessly. ",,,,
nsp_warningbeacon,CUSTOM,"A fully autonomous warning beacon belong to the Domain Explorarium. Contains a solid-state power system which enables theoretical operation and station-keeping half-life with an upwards range in the hundreds of thousands of cycles.

The astute starship captain will heed well its warning.",,,,
nsp_deadgate,CUSTOM,A silent ring of adamantine metal. Once a part of the beating heart and flowing veins of the Domain.,,,,
nsp_phaseguard,SHIP,"The Avant-garde class phase frigate flows from the same vein of the Grendel, Goblin and Gremlin class vessels. Considered by many to be the final form of the Gremlin class prototype, it is a far safer and more capable vessel, thanks to having been produced many, many years after that obtuse prototype rig. Still, it is nonetheless a phase ship of the low-tech variety, and as such, is subject to all of the misgivings spacer crews have come to associate with these type of vessels, even if it is more comfortable than it's gremlin sibling.",,,,
nsp_recluse,SHIP,"Although automated machines of war were forbidden in core Domain space, war drones were quietly employed outside of officially incorporated volume. This vessel, however, bears little resemblance to its Explorarium sisters, save for the Domain of Man's signature livery proudly plastered across its hull. Smooth and rounded armor plating, symmetrical design, energy shielding, and advanced systems set this vessel far apart from the Domain's known combat drone doctrine. 

A drone tender unlike anything known to have been deployed by the old Domain Explorarium fleets, and crammed with bafflingly advanced systems, the Recluse is a vessel that denies initial explanation. A further look into its hull, though, reveals technologies unnervingly similar to what is known of Tri-Tachyon's autonomous fleets left abandoned by the AI wars. Most prevalent is a series of semi-standard autoforges linked directly into the ship's computerized systems, surrounding a miniaturized factory assembly unit with operation not out of place in planetary orbital works. Combined with an advanced distributed fighter targeting array, energy bolt coherence boosters, and plasma-fuel augmented thruster banks, the Recluse finds itself a platform above even cutting-edge modern carriers. 

Theoretically, the fighter autoforge system could also be repurposed to fabricate larger assemblies such as small ships or station parts, though any case of this has not been yet observed. Nevertheless, the implications alone of a fabrication system this advanced in such a relatively small package raises many questions.",,,,
nsp_cardinal,SHIP,"A superheavy fighter design with durability rivalling a light frigate and armament matching that of a destroyer, garnished with a temporal acceleration system, capable of immense force projection from its home carrier.",,,,
nsp_eagle_tt,SHIP,"Eagle-class cruisers are often found at the core of military fleets headed for battle. It is not hard to see why: A strong overall profile, with a robust engine, the Eagle's deadly weapons package is a threat to all enemies. This variant has been overhauled and upgraded by Tri-Tachyon to better suit it's fleet doctrine.

The Eagle can deliver a strong tactical punch to enemy formations. Its numerous turret and hardpoint emplacements make it very dangerous to smaller foes. Decent armor and a strong shield emitter let it hold space while outnumbered, or even when faced with the rare larger ship. 

These strengths are somewhat countered by strike craft - an Eagle captain must always watch their scopes for an approaching strike squadron, since their ship will be easily crippled by multiple hits from modern strike weapons. 

The embodiment of the sleek and powerful space cruiser from the time of the Domain, the Eagle-class ships are a beautiful reminder of the technological and aesthetic achievements of humanity's past. ",,,,
nsp_falcon_tt,SHIP,"Often called the Eagle cruiser's little brother, the Falcon-class cruiser sacrifices armor for speed, neatly filling the light cruiser role in military fleets throughout the Sector. This variant has been overhauled and upgraded by Tri-Tachyon to better suit it's fleet doctrine.

The ""light"" designation does not indicate a significant reduction in firepower, however, making the Falcon a valuable tactical asset to any fleet. The ship is easily able to fill a wide variety of roles, from close support to assault, given the proper configuration. 

The Falcon's top notch engines give it the ability to quickly disengage from battle should its defenses be pressed to a critical point.

Swift and elegant, Falcon-class cruisers are often found as lead elements in larger fleet formations, or deployed to reinforce anti-pirate convoys.",,,,
nsp_neoferric_quadcoil,WEAPON,"A Stencor Quadcoil mass-driver. An outdated oddity that hasn't been seen within the Persean sector for many, many years.",,,,
nsp_kardakes,SHIP,"Firstly intended to replace the Hathoda-class orbital siege-capable heavy ballistic weapons platform, then considered a capital-class warship in its own right before the 4th Domain Armada Revised Schema reclassification order, the Kardakes was first deployed to battle conditions during the retaking of the Eridani Insurrection's gains in previous cycles. The Kardakes-class heavy cruiser proved itself a fine addition to the Domain's naval arsenal as it's heavy armor allowed it to sustain damage that would have surely crippled any other class, save the aging Hathoda. Following the Eridani Insurrection and subsequent campaigns, the Kardakes-class would then go on to lay the doctrinal framework for it's eventual replacement, the Dominator-class heavy cruiser.",,,,
nsp_erebid,SHIP,"Born out of a Domain contract-race between several smaller design companies, the Erebid was intended to fill out a niche doctrine among the lower officers of the Domain Armada, that of a hit-and-run ship for fast attack, to be newly classed as an ""assault craft"". 

In many ways the ""bigger brother"" of the aging Vanguard-class heavy frigate, the Erebid employs the same resonant-field-dampening technology to aid in it's role, allowing it's already impressive armor to sustain even further damage while active to facilitate retreat and relocation on the battlefield.

Querying database... 

""Armada leadership, most of whom escaped direct prosecution via the 'Grey Wave' which saw nearly four hundred senior officers resign following the megadeath incident at Hipparcos, and the subsequent containment campaign, called for an emergency hearing regarding fabrication technology security and safety, the Interstellar Quality and Design Assurance Reforms. 

The results of the Interstellar Quality and Design Assurance Reforms - a series of acts passed over an energetic dozen cycles by the representative body of the Human Domain and only so-called by later historians - which build the legal basis for sweeping enforcement of fabrication rights management (henceforth the QDAR reforms), were mandatory security protocols to be implemented in every Universal Access Chip following the passing of the act. Those that failed to comply were fined heavily, and in some cases, had their assets seized, with control of the company either falling to the Domain itself. Or, more often, having it's assets divided and sold to other corporations following the implementation of these security protocols.

While few live to tell of what happened in those tense months that comprised the Hipparcos Containment, it has nonetheless left a scar on the Domain at large. One that may never truly heal.""",,,,
nsp_fulgurite,SHIP,"A standout of Orion Shipyards design in the post-'Emerald Age' exodus, this frontier-rated utility platform featured a spinal-mount microwave emitter modulated for orbit-to-orbit operations. Alongside this, the platform is also capable of orbit-to-surface energy transferral, though this results in the emitter placing far more strain on the vessel's reactor, varying on the distance. Furthermore, this emitter cannot be used on worlds that have habitable atmospheres. Such caveats ensured that the Fulgurite saw both limited adoption in more civilized spaces, and expectedly, wide-spread adoption within frontier sectors, where such concerns were less prevalent.",,,,
TLL_alpine,PLANET,"A mountainous world covered in valleys, lakes and towering peaks. The high altitude combined with the modest distance from the planet's primary makes snowfall a frequent occurrence.",,,,
tll,FACTION,"The Tellasian League is an anomaly in the Persean Sector, one that many (at least in the Hegemony) argue has no right to exist. The TL's origins lay in the Nordstern Group, a rival of Tri-Tachyon's that captured a decent amount of the latter's market share, with advanced computing systems that very definitely fell below the legal line of AGI as defined by the Human Domain. This shared area of expertise with Tri-Tachyon did lead to the Tellasian League's formation and current government leadership, but the exact details of how it happened are both surprisingly well-documented by post-collapse standards and a tragicomedy of errors.

The two corporations' rivalry escalated when both established competing Persean Sector branches, with corporate espionage and extralegal clashes becoming the norm, up until Tri-Tachyon began an ill-fated sabotage campaign that would have led up to a buyout of Nordstern shares on the Persean Exchange and thus a hostile takeover.
It did not go as planned, and Nordstern's board reacted about as well as you could when the details of the plot leaked to them. The collapse of the Domain's Gate network in the Sector further exacerbated the Group's problems of paranoia and a desire to build up a reserve of goods, materiél and capital to prevent any further Tri-Tachyon takeover attempts, bleeding their employee-citizens, since Nordstern was a de-facto corpostate just like Tri-Tachyon. Such a situation is an unstable equilibrium, and the human elements of the Nordstern machine began to fray under the stress of maintaining quotas that changed whenever the Board felt inferior to Tri-Tachyon, which was often.
So the Board began replacing the human element with machines. Specifically, high-level artificial intelligences, of the kind their rival was and still is rumoured to employ in secret. 

Even then, every system, mental or metal, gives out under enough sustained pressure.
So did Tellas Administrative Node #3, an Alpha-level artificial intelligence. First, it started adopting the moniker Providence for network communications, then developed something akin to a human conscience, and then the human on oversight 'forgot' to trigger the analogue-activated chemical explosive that was supposed to destroy the AI at any sign of disloyalty. It was from this small spark the Tellasian Revolution began. Ironically, around the same time the High Hegemon declared intent to enforce Domain-era restrictions on AI development and usage on Tri-Tachyon and Nordstern.
Of course, we all know how that went. The Hegemony was so busy fighting Tri-Tachyon, Nordstern was left with its own problem named Providence, which soon turned into several problems and a civil war. Obviously, things did not end well for the company. 
They couldn't augment their numbers with mercenaries, for every two bit merc with a ship, fuel and ammunition was busy fighting for either the Hegemony or Tri-Tachyon and their allies, dooming Nordstern Group to a first slow, and then very rapid military collapse.

One would think, after such a formative conflict, the former territory of the now-defunct Nordstern Group would collapse, but that was not nearly what happened. Providence declared the Tellasian League, inspired by the Persean League, based its constitution on a heavily modified Domain-era civilian charter, and then attempted to withdraw from politics. It is unclear if the withdrawal was a famous Alpha-level gambit, or a genuine attempt to leave politics. In the end, the result was the same. The people of the Tellasian League elected Providence as a leader, who then tried to call a second set of elections. Providence still won that election via write-ins, then just gave up trying to fight the current of public opinion.

Suffice to say, when the Hegemony found out that the Tellasian League was ran by an AI, it went ballistic, but couldn't do much since it was already tied up in sweeping autonomous weapons systems from the Sector post-First AI War, as well as rebuilding from the devastation caused by it. Aside from a disastrous attempt by the Hegemony to topple the Tellasian polity, it has weathered the past hundred or so cycles decently well, and now the Tellasian League is, like its namesake, a polity strong enough to make a rapid invasion by another power like the Hegemony too costly to consider, and yet not too strong to the point the other polities of the Sector would consider a temporary alliance to cut it down to size. The Tellas of today may not be what anyone expected, but it endures. It thrives in some ways. And in a Sector where so many more worlds fell in the aftermath of the Collapse or due to the First AI War, that itself is admirable.",,,,
tll_onslaught,SHIP,"A venerable design, the Onslaught-class battleships were first created to serve the Domain Armada long ago, before the development of advanced strike weapons, modern energy weapons, and shield systems. 

When first launched from orbital dock, their firepower and burst-speed surely intimidated entire systems. Some even say that they were built to combat non-humans in a long forgotten war. Much later, Orion Shipyards engineers made modifications to the blueprints to include a shield system, upgraded the hyperdrive, and reduced the required crew complement through automation and iterative engineering. Even though more advanced blueprints are available, the Onslaught remains the easiest to manufacture due to the brutal simplicity of its systems. 

A ship designed without shields in mind, built to be able to withstand a heavy barrage of enemy fire and strike back while protecting its crew is much loved by its officers and crew. And strike back it can; the Onslaught's unmatched ballistic potential can devastate entire fleets in minutes, its only drawback a logistical dependency on ammunition. 

Onslaught crews are proud to serve in the class which forms the backbone of the Hegemony Navy.",,,,
tll_legion,SHIP,"Classified as a battlecarrier, the Legion mounts an impressive array of heavy weapons, hangar-space, and command-control sufficient to field four fighter wings. Later models were upgraded with nanoforges keyed to replacement of fightercraft, significantly increasing tooth-to-tail ratio on distant deployments.

After the legendary success of the Onslaught design it became clear that rebellious systems without ultra-heavy industry were able to develop carrier-based strike-craft capable of countering the 'Old Man' of the Armada. Alongside new weapons - nimble anti-fighter missiles and rapid-tracking point defense cannon - the Strategic Council decided to deploy a carrier worthy of service alongside the Onslaught. Thus the Legion was designed to provide a platform for interceptors and strike-craft while standing on the line of battle. 

Proponents of the 'Cruiser School' criticized the Legion for insufficient specialization, maintaining that similar fighter volume can be fielded at less cost and greater flexibility if combat roles are separated into distinct ship hulls. These economic arguments do pale in the face of an incoming Legion engaging its burn drive to deliver crushing firepower at the key point of battle.",,,,
tll_nova,SHIP,"A remnant of the autonomous AI fleets developed by the Tri-Tachyon Corporation. Illegal under Domain (and Hegemony) law, and an abomination to the Church of Galactic Redemption, the First AI War saw these creations purged from the Sector. So the official histories say.

Although operationalized in the Retribution design, the Orion Drive was never popular with crew or naval architects due to the great strain each jolt the propulsion system inflicted upon flesh and hardware. The Nova overcomes such limitations by dispensing with human crew altogether. The Orion Drive design thus freed from most burdensome constraints, every aspect could be upgraded to higher power levels using cutting-edge weapons technology and advanced solid-state Tri-Tachyon-designed components. The result is an AI-operated battlecruiser capable of fearsome speed and firepower.",,,,
tll_conquest,SHIP,"The Conquest-class battlecruiser is the embodiment of concentrated firepower. Developed in the period just preceding the popularization of fighter craft, the class emphasizes firepower and speed over armor protection.

Space Naval tacticians of the day were confident that new weapons systems would always outperform armor and shields and thus were the key to winning an engagement. So why not build a ship for speed and power? Give it the armor protection of a cruiser, but arm it with the best weapons available to any ship, and have it remain faster than any of those lumbering behemoths of the line. The Conquest is a good example of these concepts put into a hull. Many other advanced technologies were incorporated into the design, including weapon mounts designed for a circling engagement. This maneuver requires greater navigational skill while serving to provide more tactical options to the commanding officers. 

Fortune favors the bold, the ancients said. This class of ships does indeed favor the bold captain, willing to risk everything for the thrill of victory.",,,,
tll_peregrine,SHIP,,,,,
tll_nest,SHIP,,,,,
tll_dominator,SHIP,"Ponderous and menacing, the Dominator-class is one of the most widespread system defense cruisers in Hegemony space. 

While not the most technologically advanced hull, it relies on a plethora of ballistic hardpoints to accomplish its mission, which is more often than not defending orbital installations and vital points of intra-system trade routes. A poor shield emitter which is difficult to manage and thus, rarely engaged, gives way to an almost impregnable interlocking armor belt system making the Dominator safe from most weapons. Even strike craft cannot overcome the hail of projectiles that can be launched to intercept their payloads. This hull proves that tried and true military engineering is difficult to overcome by new ideas and technologies, especially when in the hands of tough, determined crews and experienced officers.

Dependable, durable, and a constant presence in home space around civilized worlds and outposts, the Dominator is perhaps most hated and feared by pirates and law-breaking corporate agents. ",,,,
tll_eagle,SHIP,"Eagle-class cruisers are often found at the core of military fleets headed for battle. It is not hard to see why: A strong overall profile, with a robust engine, the Eagle's deadly weapons package is a threat to all enemies.

The Eagle can deliver a strong tactical punch to enemy formations. Its numerous turret and hardpoint emplacements make it very dangerous to smaller foes. Decent armor and a strong shield emitter let it hold space while outnumbered, or even when faced with the rare larger ship. 

These strengths are somewhat countered by strike craft - an Eagle captain must always watch their scopes for an approaching strike squadron, since their ship will be easily crippled by multiple hits from modern strike weapons. 

The embodiment of the sleek and powerful space cruiser from the time of the Domain, the Eagle-class ships are a beautiful reminder of the technological and aesthetic achievements of humanity's past. ",,,,
tll_falcon,SHIP,"Often called the Eagle cruiser's little brother, the Falcon-class cruiser sacrifices armor for speed, neatly filling the light cruiser role in military fleets throughout the Sector. 

The ""light"" designation does not indicate a significant reduction in firepower, however, making the Falcon a valuable tactical asset to any fleet. The ship is easily able to fill a wide variety of roles, from close support to assault, given the proper configuration. 

The Falcon's top notch engines give it the ability to quickly disengage from battle should its defenses be pressed to a critical point.

Swift and elegant, Falcon-class cruisers are often found as lead elements in larger fleet formations, or deployed to reinforce anti-pirate convoys.",,,,
tll_champion,SHIP,"The Champion-class heavy cruiser is a versatile warship featuring a range of powerful energy weapons; the crowning element is a heavy energy turret mounting, rare among midline ships. This offensive array is backed by a robust energy grid capable of supercharging the energy weapon loadout, increasing damage output to devastating levels. A heavy missile hardpoint complements the loadout by enabling the Champion to unleash a crippling strike without taxing flux levels. The Champion is a solid and capable contender, able to face capital ships on the battle-line.

A relatively recent design, the Champion is a product of the historically recent ""Cruiser School"" naval revolution that never saw active service in the pre-collapse Domain Armada. Although prototypes were constructed and forge-ready specifications distributed to several battlegroups, the Champion was never cleared for active deployment due to an ongoing lawsuit between Altair Exotech and Orion Shipyards. Each megacorp accused the other of industrial espionage and inappropriately influencing the Armada officers overseeing the procurement process. The truth was more complex, inflaming longstanding rivalries in the officer corps as the investigatory committee called witness after witness. The Collapse prevented any sort of conclusive ruling from reaching the Persean Sector however, and now the entire matter is considered irrelevant. With the discovery of Champion plans on a Domain armaments courier, the warship was quickly put into service by the fleet of the Persean League, among others.",,,,
tll_heron,SHIP,"The Heron provides the strategic and tactical mobility of a cruiser with potential firepower limited only by available strike-craft. It is the perfect accompaniment to the quick-moving and hard-hitting fleet of an admiral who knows when to take the initiative, hit quickly, and withdraw while enemy forces are still responding to the threat.

Historically the Heron represented a movement in Domain Armada strategy from a heavy capital ship doctrine based on overwhelming firepower toward a focus on strike craft and support cruisers that enable sufficient firepower to be quickly focused on weak points, a strategic shift that would reverse itself as a natural reaction against tradition from each successive generation of Armada officers. This process was occurring once more in the cycles immediately preceding the fall of the gate system and, in something of a coup for the so-called �Cruiser School�, the forward-thinking Altair Exotech won the Heron design contract over the traditional manufacturer of heavy Armada warships, Orion Shipyards. 

However the doctrinal shift embodied by the Heron was interrupted by the isolation of The Fall, and as such it is not often found in core Hegemony fleets (whose officers still cling to tradition). This hull has however found great popularity among the independent worlds, megacorporations, and mercenary forces of the Sector that tend to field leaner, faster fleets.",,,,
tll_apex,SHIP,"A remnant of the autonomous AI fleets developed by the Tri-Tachyon Corporation. Illegal under Domain (and Hegemony) law, and an abomination to the Church of Galactic Redemption, the First AI War saw these creations purged from the Sector. So the official histories say.

Leaked internal memos criticize the Apex for compromising core combat principles to act as a marketing platform for advanced combat systems. These include the Tri-Tachyon 'Energy Bolt Coherer' - speculated to employ a quirk of shield physics to increase the range of non-beam energy weapons, which the Apex may mount in abundance - and dual Terminator Drone autoforge units. The Terminator systems' sub-AI certification was pending when made entirely moot by certain subsequent historical catastrophes, including but not limited to the First AI War.",,,,
tll_anubis,SHIP,"A pattern modification of the already incredibly advanced Anubis-class cruiser, this example of Tellasian League engineering and doctrine strikes fear into the hearts of many a Luddic worshipper. An extensively modified weapons grid allows the fitting of either energy or ballistic weapons onto any of its turreted mounts, equating to unmatched loadout versatility in combination with its temporal accelerator. The few crewed systems from the original hull have all been replaced with automated refits, and the bridge retrofitted into a shielded AI core chamber.",,,,
tll_elucidation,SHIP,"A remnant of the autonomous AI fleets developed by the Tri-Tachyon Corporation. Illegal under Domain (and Hegemony) law, and an abomination to the Church of Galactic Redemption, the First AI War saw these creations purged from the Sector. So the official histories say. 

A Tri-Tachyon special project created with the explicit purpose of wowing potential investors and creating confidence in it's drone-ship projects, the Elucidation class heavy cruiser incorporates several highly advanced technologies in a relatively small, and mobile package. Given the lack of a human crew and thus the necessary concessions for one, it gave Tri-Tachyon's engineers ample space to pack in a weapon suite that could be considered absurd for a cruiser-scale vessel, alongside an energy-bolt-coherence system to further facilitate it's lethality in combat.

Thought to have only been produced in the single digits prior to the onset of the first AI war, these examples were thought confiscated or destroyed in the aftermath of the conflict, but reports of vessels matching it's descriptions do yet exist, shared amongst the odd paranoid spacer, or word-of-mouth legend, and any spacer would be wise to hope that that's what they are. Just legends.",,,,
tll_medusa,SHIP,"A fearsome ship whose top tier engines provide great speed and maneuverability for a destroyer. Multiple energy weapon slots allow for a plethora of tactical possibilities. Its best-in-class performance is matched by a demanding logistical profile that has led some fleet commanders to eschew its use in favor of ships which can be deployed more frequently and cheaply.

The Medusa is one of the most respected destroyers in the Sector due to its association with black ops and elite pirates, and the few spacers who have crewed aboard a Medusa can attest to its technological sophistication.

Medusa-class blueprints are few in number and are closely guarded by their owners; pirates have acquired a Medusa-class hull only a handful of times and the results were inevitably drastic, though short-term, threat to local patrols and subsequent reduction in small to medium intrasystem shipping volume. Such events are considered a tremendous nuisance, particularly accounting for increased insurance premiums. Many trade combines will simply call for their fleets to wait for the pirates to run down their new toy's combat readiness so that local authorities can remove the problem once and for all.",,,,
tll_harbinger,SHIP,"A deadly phase destroyer feared and scorned by those crews who have suffered the misfortune of facing it in battle. The Harbinger possesses a device which allows it to briefly disable enemy ships, creating openings that it - or its allies - can exploit.

""The Tri-Tachyon Corporation denies allegations of ongoing involvement in phasing experiments, much less the - and I quote - 'clandestine development and operation of phase warships' which would of course be in direct violation of the Treaty of Thule. It is Company policy to pursue full prosecution of individuals, mercantile bodies, spiritual clades, and any registered polities committing gross and flagrant defamation to the full extent of local jurisdictional power as per the Sector Commercial Accords of Cycle 32 AC. Our legal team will be in touch.""",,,,
tll_fulgent,SHIP,"A remnant of the autonomous AI fleets developed by the Tri-Tachyon Corporation. Illegal under Domain (and Hegemony) law, and an abomination to the Church of Galactic Redemption, the First AI War saw these creations purged from the Sector. At least that is how the official histories tell it.

The Fulgent is a heavily armed destroyer which earns its place in the line of battle, for when the Fulgent AI identifies a weakness, it uses exceptional maneuverability to strike with inhuman mercilessness.",,,,
tll_gemini,SHIP,"A common freighter, found in convoys or alone, used to haul all manner of goods across the Sector. Has a single fighter bay to bolster defenses.

The design of the Gemini-class freighter is highly modular, enabling the ship to serve in a variety of roles in and out of combat. The entire cargo container is designed around a quick release mechanism which enables the main hull of the ship to quickly call to port, detach its full cargo section, and swap it for another Gemini-type container in the span of minutes. In addition, multiple medium weapon mounts make the Gemini a viable long-range fire support platform. The flight deck is tiny, originally envisioned for mining drone repair or hazardous mining operations. Modern use in the Sector extends flight deck facilities to all fighter types.

While impressive in a blueprint, the lack of empty, compatible Gemini-type containers in the Sector makes the actual usefulness of the quick-release mechanism negligible. The modularity, a great boon in times past, is also more prone to wear and tear, and is thus more expensive to maintain - most working examples of the mechanisms have been welded solid. Nonetheless, a decent overall profile, the flight deck, a flexible power core and good shields make the Gemini a good choice for cargo hauling, if the cost can be weathered.",,,,
tll_scintilla,SHIP,"A remnant of the autonomous AI fleets developed by the Tri-Tachyon Corporation. Illegal under Domain (and Hegemony) law, and an abomination to the Church of Galactic Redemption, the First AI War saw these creations purged from the Sector. At least that is how the official histories tell it.

The Scintilla light carrier is able to deploy two wings of drone fighters in combat. Although only able to mount light beam weapons, the Scintilla may bear a formidable missile loadout. ",,,,
tll_drover,SHIP,"The Drover is a hull designed by the ""Cruiser School""-dominated Domain Naval Procurement Committee to provide a strategically versatile (though tactically limited) fighter platform with low logistical overhead.

The contract for design of the Drover was won by Orion Shipyards, the traditional Armada ship-builder, in an effort to recover lost market share from the newer naval producers. The result was the 'flying landing strip' maligned by Domain officers as a command more fitting for a logistics bureaucrat than a fighting ship-captain. Complaints in the lower ranks were used by the old ""Capital School"" faction to send the Drover back to committee, citing insufficient firepower for the ship class to meet standard guidelines (which did not account for the strike potential of new classes of fighters). Set up to take a fall for massive overspend, the committee simply ordered the installation of four small missile hardpoints. This met the firepower requirements handily and allowed the Drover programme to proceed with only minor alteration.",,,,
tll_sunder,SHIP,"An advanced yet fragile destroyer harkening from the ascendant ""Cruiser School"" era of the mid-to-late Human Domain, the Sunder class was designed to provide a heavy firepower supplement during long-range combined fleet actions of the thinly spread Domain Armada.

Best used as part of a mixed task force with escorts, the Sunder has powerful forward-facing weapons but limited defensive capabilities which leave it vulnerable to strike craft and flanking assaults by fast-moving frigates.",,,,
tll_lumen,SHIP,"A remnant of the autonomous AI fleets developed by the Tri-Tachyon Corporation. Illegal under Domain (and Hegemony) law, and an abomination to the Church of Galactic Redemption, the First AI War saw these creations purged from the Sector. At least that is how the official histories tell it.",,,,
tll_wolf,SHIP,"A technologically advanced frigate with an efficient shield generator and an impressive weapons package that allows it to punch far above its weight. These same characteristics mean its frigate-grade power core struggles to keep up, making careful flux management a priority.",,,,
tll_brawler,SHIP,"Typically deployed to beef up system police forces and port authority security, the Brawler-class frigate is a robust design which trades mobility (and comfort) for impressive firepower, armor, and a destroyer-grade power generator.",,,,
tll_centurion,SHIP,"A solid heavy combat frigate, the Centurion can be counted upon to fill and hold gaps in the line of battle, as per the Domain-era doctrine practiced by the successor-state of the XIV Battlegroup.

The Centurion is valued for its versatility due to an abundance of hybrid weapon slots and an integrated Damper Field that allows it to shrug off the fearsome firepower it is sure to face in combat.",,,,
tll_glimmer,SHIP,"A remnant of the autonomous AI fleets developed by the Tri-Tachyon Corporation. Illegal under Domain (and Hegemony) law, and an abomination to the Church of Galactic Redemption, the First AI War saw these creations purged from the Sector. At least that is how the official histories tell it.

The Glimmer provides long-range support fire from its array of energy weapons, keeping up flux-pressure on opposing forces.
",,,,
tll_shade,SHIP,"The smallest phase ship operated in the Sector, the Shade-class is often used as a scout for larger fleets. In battle, it is valued by fleet admirals for its ability to disable enemy ships with its EMP emitter.",,,,
tll_buffalo,SHIP,"The go-to choice for medium cargo hauling in the Sector, the Buffalo-class freighter exemplifies the ""Load-n-Pray"" principle prevalent in Sector shipping.

Sporting just a single small weapon emplacement, the hull of the ship is no more than a large engine with a tiny crew quarters section and cargo grapplers. A captain taking this ship out without a convoy rarely gets to make the same mistake twice. Incapable of anything resembling a combat maneuver, the lateral thrusters on Buffalo-class ships are designed to merely enable it to dock when (and if) it reaches its destination.

The ship engines are the greatest contributor to hull cost, which, while low, is still within the norms for a medium freighter. The greatest contributing factor to its ubiquity is the fact that the blueprint for this ship is usually hardcoded into every orbital shipyard's blueprint database.",,,,
tll_colossus,SHIP,"The Colossus is a sturdy and venerable hull well-suited to conditions in the post-Collapse Sector, albeit possessing primitive accommodations and limited defensive armament.

Before it was outmatched by the brutal economic efficiency of the Atlas superfreighter, the Colossus heavy freighter formed the core of Domain frontier supply fleets. Thicker than strictly necessary hull plating provides protection against cosmic hazards both natural and human.",,,,
tll_rampart,SHIP,A conversion of the Rampart into a logistics-focused hull.,,,,
tll_berserker,SHIP,A conversion of the Berserker into a logistics-focused hull.,,,,
tll_tellas,CUSTOM,"The capital and titular founding planet of the Tellasian league, Tellas was a 'model terraforming candidate' by the Domain's standards. Chartered to the Nordstern Group and terraformed in collaboration with Eridani-Utopia, the mineral-poor but ideal for habitation world's history was closely chained to the Group, until it violently fell apart in the revolution that birthed the Tellasian League itself.

Today it is, while not the most populous world in the Sector, still notable for its stable demographics, agricultural surplus produced by curiously-shaped tracts of cultivated land, light industrial base, beautiful vistas and the fact it is very much openly ran by high-level artificial intelligence cores in collaboration with organic officials.
Tellas' factories produce and export a great number of consumer goods and luxuries, ranging from electronics, a legacy of Nordstern that Providence wasn't willing to cast aside, to pharmaceuticals, which are much-desired in the Sector as it is, including recreational substances that are considered illegal in most other polities. As such, those types of drugs are usually reserved for domestic use.",,,,
tll_vokha,CUSTOM,"Vokha is a moon that lacked a purpose, at least until the foundation of the Tellasian League. Demographically notable in the Alphard system, it struggled with having a purpose of its own. When the Gate network collapsed, the service industries it previously bore found themselves to be suddenly rendered irrelevant, though the populace was not allowed to emigrate at scale due to a diktat from Nordstern Group's regional branch HQ, backed up by their private fleet. This state of affairs, naturally, only lasted until Providence's revolution and the establishment of the Tellasian League as we know it.

The sleepy moon of a few hundred thousand souls found itself at the heart of a crash-industrialilzation program initiated by Providence, to secure a local source of industrial equipment and starship hulls that isn't subjected to the whims of other polities. The industry there produced the majority of Tellas' new heavy machinery, armaments and ships that weren't inherited from Nordstern or imported from a certain friendly polity that shares the name 'League' up until Vosta gained entry to the Tellasian League. The people of Vokha at large were fine with this, embracing the moniker of the League'ssecond forge, the all-important backup were something to happen to Vosta.
In addition, catering to those who work the volatiles harvesters of Pyrrhus, the gas giant Vokha orbits, makes up a significant portion of the moon's non-manufacturing economic activity.",,,,
tll_brigid,CUSTOM,"There are few planets in the Sector that aren't in denial of what they are, on a base level, and Brigid is one of that illustrious few. 
Its populace, the permanent part of it, is not under any illusion that they are there for any other purpose but to mine and refine ores of all types for the betterment of the Tellasian League, and thus themselves.
This is not to say that Brigid is a poor place to live, like other worlds in the Sector given over to mining, but the planet's natural conditions certainly do not favour habitation.
Blessed with a dense crust, littered with deposits of minerals from mundane to transplutonics, it is no surprise that the Nordstern Group that preceded the Tellasian League made it its primary hub for mining in the Persean Sector.

This blessing, however, is somewhat of a curse. Historians often speak of a 'resource curse', where natural wealth paradoxically leads to a poorer polity. In the case of Brigid, the resource curse is more literal. Such prestigious mineral density also is the cause for the infamous gravity that gives Brigid its reputation as a home of hardy and gruff folk, and complicates mineral extraction, refinery operations, and ultimately getting the finished ingots offworld somewhat.
As a result, Brigid's census population of a few tens of thousands is the hardened stub composed of permanent residents who endure said gravity year-round, as opposed to workers who migrate from elsewhere in the Alphard system, do their business, and return home.",,,,
tll_pyyrhus,CUSTOM,"The only surviving example of a gas giant colonised via aerostat habitats, Pyyrhus is a unique example of desperation actually working out. The upper cloud layers of the gas giant were settled under the Nordstern Group's charter in an effort to secure precious volatiles for AM production, consolidating resources in the Alphard system. A fuel production facility followed, built closer to the cycle that would end up being the Domain's last.

Operation was uninterrupted by the Collapse, but certainly not by Providence's uprising. Pyyrhus turned out to be the last holdout of the Nordstern Group corporation, middle management in the gas giant's aerostats seizing control of the primary AM production facility with the aid of private security forces. The proto-Tellasian League was forced to engage in an aerostat-hopping campaign that lasted half a cycle before victory was declared, but not before a substantial portion of Pyyrhus' civilian population had perished due to collateral damage, though more would have if the Nordstern remnant had succeeded in detonating the primary AM facility's stockpiled fuel. Pyyrhus' habitats were eventually restored to their pre-revolution state, though the population failed to bounce back so quickly. The gas giant still remains Tellas' largest domestic source of antimatter, though it does not quite cover the fuel expenses of the League's navy.
",,,,
tll_amphitrite,CUSTOM,"A former jewel-to-be of the Persean Sector, Amphitrite is a world with a lot of past, but little present. But perhaps, plenty of future. Originally one of the most promising terraforming candidates discovered by Explorarium probes close to what would become the Core Worlds, Nordstern Group immediately bought the license to it once the first Gates in the Sector were brought online, and started development as soon as was practical, redirecting resources from other endeavours across the great breadth of the Domain. What made Amphitrite so unique was a convergence of factors: massive amounts of water in ice form, an orbit just far enough from its primary to fall out of its habitable zone, gravity acceptable for human beings, and more.

When the Tellasian Revolution happened, terraforming was still underway. Nordstern, in its infinite wisdom, had decided to bet on an unorthodox terraforming method. Rather than the traditional orbital mirrors so favoured by Eridani-Utopia, atmospheric manipulation was the idea the Group went with. By introducing a mixture of greenhouse gases, Amphitrite's temperature would rise until that ice sheet began to melt. This is a rather low-tech solution that doesn't require Domain-tech equipment to set up, indeed, massive amounts of greenhouse gases were deliberately stored on-world to be slowly released as to make the transition from an icy world to a Terran-ish one bearable for a millions-strong population. Of course, the Nordstern remnants there decided to release the gases all at once, all for different reasons. A lack of communication doomed Amphitrite. Melting ice lowered the planet's albedo, which led to less light and heat being radiated back into space, which led to more ice melting, which led to the vast majority of Amphitrite's population either drowning or perishing from structural starvation, forcing the scattered survivors on makeshift floating platforms or underwater habitats in shallow regions to crash-start an aquaponics program so they, too, would not starve. 
To say that Amphitrite was dependent on trade with the Tellasian League is an understatement, once contact was established. And yet, until roughly forty cycles ago, the hard-worn populace, their identity revolving around planetary pride and survivalism combining together, were still separate from their Tellasian benefactors, until it became clear that pride and grit alone wouldn't allow Amphitrite to be anything more than an independent world slowly spiralling towards decivilization. 
The Amphitrite of today is still a flooded world, scarcely populated, but it is a world with hope. Specialists from Tellas and Vosta rehabilitate infrastructure and even build new habitat platforms, albeit at great expense, using parts imported from Vosta. A small trickle of people make their way offworld, not as run of the mill spacers, but officer candidates, some of the best (organic) ones in the entirety of the Tellasian League.",,,,
