id,trigger,conditions,script,text,options,notes
#RULESET_NAME NSP,,,,,,
nsp_domainStation_openDialogFirst1,OpenInteractionDialog,"$id == orbital_habitat_domainships score:10000
$hasDefenders
!$nsp_visitedStation","ShowImageVisual abandoned_station
","Scans indicate this habitat is in unusually well-preserved condition despite its abandoned state. There is little evidence of disrepair, parts cannibalization, or even electromagnetic scoring from the nearby stellar body; it appears that even the original paintjob has survived its years in isolation.",0:nsp_domainStation_openDialogFirst2:Begin salvage operations,
nsp_domainStation_openDialogFirst2,DialogOptionSelected,$option == nsp_domainStation_openDialogFirst2,,"There is an unusual delay before salvage operations can commence. Helmet vis-IDs streaming to the bridge indicate an uptick in nervousness amongst your salvors; old spacer wisdom and salvor's tales speak quite ill of the consequences for disturbing uniquely pristine Domain-era finds. Superstition aside, dangerous operations are only made more fraught by unknown variables, and you find your own heart beating just a tick faster than before.",0:nsp_domainStation_openDialogFirst3:Continue,
nsp_domainStation_openDialogFirst3,DialogOptionSelected,$option == nsp_domainStation_openDialogFirst3,,"A bark over comms from your operations chief (and a subtle hint at increased hazard pay) and the salvors are on the move. There is no need for demolitions - the station's fully functional airlocks open smoothly to allow entry, and salvors find easily-accessible cargo holds packed with supplies and valuable materials still sealed in their mag-locked cargo containers. You watch incredulously as the first of the containers is scanned for its inventory manifest - but are cut short as alarms suddenly blare both within the station and aboard the bridge.",0:nsp_domainStation_openDialogFirst4:Continue,
nsp_domainStation_openDialogFirst4,DialogOptionSelected,$option == nsp_domainStation_openDialogFirst4,"SalvageDefenderInteraction
$nsp_visitedStation = true","Ops sounds an immediate emergency evacuation to the salvage team, while your sensors chief begins shouting about energy signatures matching shield and weapon systems activating all over the station. From behind the station's (now understood to be shielded) aft shuttle docks, a fleet of Domain Explorarium drones emerges, burning hard to intercept the fleet.",,
,,,,,,
nsp_domainStation_openDialogPost,OpenInteractionDialog,"$id == orbital_habitat_domainships score:1000
$hasDefenders
$nsp_visitedStation",SalvageDefenderInteraction,"The pristine station spins idly in front of you. Just behind it, its fleet of guard ships sits, so steady in their watch you'd think them disabled if it weren't for their targeting systems actively scanning you.",,
,,,,,,
nsp_domainStationBeatDefendersContinue1,BeatDefendersContinue,$id == orbital_habitat_domainships,,"The defenders are destroyed. Behind the wreckage, the heavily damaged - but not completely annihilated - station sits idly.","0:nsp_domainStationBeatDefendersContinue2:""Approach the station""",
nsp_domainStationBeatDefendersContinue2,DialogOptionSelected,$option == nsp_domainStationBeatDefendersContinue2,FireBest MarketPostOpen,"Following some freshly unsubtle promises of hazard pay (and promises of contract terminations should they refuse), your salvage team once again enters the now-battered station. Once again the salvors' tallies begin to roll in, but with an exceptional new find: in the core of the station, well-protected from any battles that may have raged before this, are four pristine combat-capable ships ready for command.",,
,,,,,,
,,,,,,
nsp_domainStation_openDialogSafe,OpenInteractionDialog,"$id == orbital_habitat_domainships score:10000
!$hasDefenders",FireBest MarketPostOpen,"Your fleet approaches the station. Repairs have been put underway, but following the destruction of its defenders it is unlikely it will ever be as flawless as you once found it.",,
nsp_domainStation_MarketPostOpen,MarketPostOpen,$id == orbital_habitat_domainships score:10000,"$tradeMode = OPEN 0
FireBest MarketPostDock",You dock with the station.,,
nsp_domainStation_TradePanelFlavorText,TradePanelFlavorText,$id == orbital_habitat_domainships score:10000,,You order teams to inspect the cargo storage areas.,,
,,,,,,
# Missions,,,,,,
,,,,,,
# ExponentBarMission,,,,,,
,,,,,,
# Start,,,,,,
EBEbarOptionStart,AddBarEvents,"NSPCheckCanStart
$faction.id == luddic_church","AddBarEvent EBEbar_start ""Sit down with the knight"" ""At a corner table, you see a lone Knight of Ludd, fingers together like the steeple of a church in half prayer while a simple bowl of simpler tea steams silently in front of them. Watching you, intently, since you walked in."" luddicChurchColor",,,
EBEbarKnight1,DialogOptionSelected,$option == EBEbar_start,"$missionId = $nsp_exponent
BeginMission nsp_exponent_mission
Call $global.exponent_ref updateData
ShowPersonVisual false exponent_KnightContact
","You walk over to parlay with the knight. Their hands, and eyes, remain locked forward as you approach their table. When you draw close enough, an invisible barrier is passed. Their eyes shift to you; their fingers uncurl from their devotion and they sit up straighter than before, raising both arms, sliding their hands into their opposite sleeves.

As you sit down, the knight finally, directly, acknowledges you. ""Captain,"" they state. ""Thank you for coming over."" Their gaze slides off you for a moment, some errant thought, before they look back with an apologetic frown. ""Forgive me, $playerSirOrMadam, if I appeared suspicious. I did not wish to impose.""","EBEbarKnight_1b:""You got my attention. We'll see if you can keep it.""",
EBEbarKnight1b,DialogOptionSelected,$option == EBEbarKnight_1b,,"""We will."" They reach down to their bowl of steeped tea, crushed leaves of dark emerald gleam floating just under the surface. They take a long, practiced sip, then lay down the bowl and gaze through as they explain their sacred task.",EBEbarKnight_two:Continue,
EBEbarKnight2a,DialogOptionSelected,$option == EBEbarKnight_two,FireBest ExponentKnightGreeting,,,
EBEbarKnight2GreetNeutralComm,ExponentKnightGreeting,"NSPExponentCheck hasFactionCommission
$faction.id == luddic_church
NSPExponentCheck neutralOrFavorable",,"""Already you've drawn our sword, though not much else. I believe Ludd has delivered a blessed opportunity for you to flourish.""

They consider their next words.

""The Hegemony. The League. The corporation. Any one of them you could have chosen to fight for."" Their shoulders rise with a single, brief chuckle. ""Any of them would pay better, yet you choose to crusade with us. Perhaps that's enough.""","GreetNeutralCommOptionOne:""The credits are enough.""
GreetNeutralCommOptionTwo:""I respond well to incentive.""",
EBEbarKnight2GreetNeutralCommOptionOne,DialogOptionSelected,$option == GreetNeutralCommOptionOne,,"Their cheeks rise into into a knowing smile. ""But barely, I'm sure. Thus, this meeting.""",EBEbarKnight_three:Continue,
EBEbarKnight2GreetNeutralCommOptionTwo,DialogOptionSelected,$option == GreetNeutralCommOptionTwo,,"""We've noticed.""",EBEbarKnight_three:Continue,
EBEbarKnight2GreetNeutral,ExponentKnightGreeting,"!NSPExponentCheck hasFactionCommission
$faction.id == luddic_church
NSPExponentCheck neutralOrFavorable","AddText ""\""Despite your, uncertain loyalties, the Church has authorized me to formally request your help in an...important mattter.\""""
SetTextHighlights uncertain","
","GreetNeutralOptionOne:""Of holy importance?""
GreetNeutralOptionTwo:""""The Church knows I get things done.""",
EBEbarKnight2GreetNeutralOptionOne,DialogOptionSelected,$option == GreetNeutralOptionOne,,"They remain somber. ""Yes.""",EBEbarKnight_three:Continue,
EBEbarKnight2GreetNeutralOptionTwo,DialogOptionSelected,$option == GreetNeutralOptionTwo,"AddText ""\""'Knowing' is a powerful word. I would say the Holy Church believes you can get things done. What we have in mind would go a very long way changing believing, to knowing.\""""
SetTextHighlights believes",,EBEbarKnight_three:Continue,
EBEbarKnight2GreetWelcomingComm,ExponentKnightGreeting,"NSPExponentCheck hasFactionCommission
$faction.id == luddic_church
NSPExponentCheck welcomingOrHigher",,"""You've already proven yourself a capable crusader. More than capable. We considered other names, but, yours was at the top of the list.""

The knight pauses for a moment, then offers an assuring smile.

""It was a very short list, captain.""

They return to their stone expression. ""Obedience, loyalty. Discretion. The Church knows you value all of these things, so we trust you with this.""",EBEbarKnight_three:Continue,
EBEbarKnight2GreetWelcoming,ExponentKnightGreeting,"!NSPExponentCheck hasFactionCommission
$faction.id == luddic_church
NSPExponentCheck welcomingOrHigher",,"""You are a friend of the Church, if not in our formal ranks. As a fellow pilgrim, the Church believes you can provide an, independent approach to our situation.""","GreetWelcomingOptionOne:""You need someone disposable.""
GreetWelcomingOptionTwo:""Not that suspicious when I take off to the end of the sector, is it?""",
EBEbarKnight2GreetWelcomingOptionOne,DialogOptionSelected,$option == GreetWelcomingOptionOne,,"""No,"" they answer flatly, ""and don't discount yourself. We considered others, fellow brothers 
and sisters. You were still the best suited.""",EBEbarKnight_three:Continue,
EBEbarKnight2GreetWelcomingOptionTwo,DialogOptionSelected,$option == GreetWelcomingOptionTwo,,"""That reason was brought up. Now then.""",EBEbarKnight_three:Continue,
EBEbarKnight2GreetSuspicious,ExponentKnightGreeting,"$faction.id == luddic_church
NSPExponentCheck susOrLower",,"""But your faith is-"" $heorShe starts, then trails off into something short of a scowl. ""Questionable. Your loyalties suspect. At best.""","GreetSuspiciousOptionOne:""I'm what you call a \""prodigal child.\""""
GreetSuspiciousOptionTwo:""Offering me redemption?""
GreetSuspiciousOptionThree:""My loyalties are perfectly known. They're just not to you.""",
EBEbarKnight2GreetSuspiciousOptionOne,DialogOptionSelected,$option == GreetSuspiciousOptionOne,,"""I'm not here to judge you, captain; that is for God alone to render, but your transgressions against the Church? Those are simply fact. What I'm offering is, some measure of recompense.""

They look off for a moment, and deflate with a sigh. 

""And, of course, compensation.""",EBEbarKnight_three:Continue,
EBEbarKnight2GreetSuspiciousOptionTwo,DialogOptionSelected,$option == GreetSuspiciousOptionTwo,,"""Despite the, zeal, of some of our preachers, the road to damnation is much longer than most think. Ludd gives us many, many chances to realize we are astray. And easier to turn back just a few steps down the wrong road. Now, if you would indulge me.""",EBEbarKnight_three:Continue,
EBEbarKnight2GreetSuspiciousOptionThree,DialogOptionSelected,$option == GreetSuspiciousOptionThree,,"Their lips curl into an empty smirk.

""Honesty. It is a virtue. Keep nurturing it.""",EBEbarKnight_three:Continue,
EBEbarKnight2GreetPather,ExponentKnightGreeting,NSPExponentCheck isPather,,"""I wish to be honest. Your interpretation of the Word may be more...energetic than the Church approves, but perhaps that's what's needed.""",EBEbarKnight_three:Continue,
EBEbarKnight3,DialogOptionSelected,$option == EBEbarKnight_three,NSPExponentPopulateOptions acceptRefuse,"The knight looks out the window, into the old ocean of the void, silent as the steam column from their tea slowly thins.

""There was a mission,"" they begin. ""A task. Mostly holy, to cast down an unholy vessel.""

$HeOrShe turns back to you and raises one hand from their sleeve, fingers rolling in vague gesture.

""An Abomination. Forged by Moloch themselves. It matched no records. No blueprints. Nothing in any archive of the Curates Technologia. An unknown demon. Our brothers and sisters were dispatched to destroy it, to smite it in Ludd's name, but."" 

The knight's eyes wander to the table. ""They never returned. We suspect the worst.""

They glance back up and continue. ""We need you to confirm the fate of the fleet. And, if possible, find out where the Abomination fled. If the worst has happened, surely our knights at least wounded the thing before falling. You do not have to destroy the machine, if you encounter it. That task will fall to us, once we've gleamed what system it's crawled into. You will, of course, be rewarded generously.""",,
EBEbarKnight4Refuse,DialogOptionSelected,$option == EBEbarKnight_refuse,,Explain that you're not interested at this time.,backToBar:Return to the bar,
EBEbarKnight4AcceptFaithful,DialogOptionSelected,$option == EBEbarKnight_acceptFaithful,"$acceptFaithful = true
FireAll ExponentKnightAccepted",,,
EBEbarKnight4AcceptPather,DialogOptionSelected,$option == EBEbarKnight_acceptPather,"$acceptPather = true
FireAll ExponentKnightAccepted",,,
EBEbarKnight4AcceptOther,DialogOptionSelected,$option == EBEbarKnight_acceptOther,"$acceptOther = true
FireAll ExponentKnightAccepted",,,
EBEbarKnight4NextStage,ExponentKnightAccepted,,"$global.exponent_hadFirstTalk = true
Call $global.exponent_ref updateData
FireBest ExponentMissionStarted
$global.nsp_beganExponent = true",,,
EBEbarKnight4AcceptFaithfulText,ExponentMissionStarted,,SetTextHighlights $exponent_system1SName,"[AcceptFaithfulText] ""The fleet of the Holy Church was last reported at $exponent_system1SName while on a mission to destroy the unholy machine.""",backToBar:Return to the bar,
EBEbarKnight4AcceptPatherText,ExponentMissionStarted,,SetTextHighlights $exponent_system1SName,"[AcceptPatherText]  ""The fleet in the service of Ludd was last seen at $exponent_system1SName while hunting one of Moloch's misbegotten designs.""",backToBar:Return to the bar,
EBEbarKnight4AcceptOtherText,ExponentMissionStarted,,SetTextHighlights $exponent_system1SName,"[AcceptOtherText]  ""A Luddic fleet has gone MIA around $exponent_system1SName while attempting to destroy a ship of unknown origin.""",backToBar:Return to the bar,
#END Start,,,,,,
,,,,,,
# InvictusInteraction,,,,,,
EBEinvictusOpenDialog,OpenInteractionDialog,$exponent_invictus,ShowImageVisual space_wreckage,"Your fleet approaches the Invictus. 
","0:EBEInvictusSurveyOne:Continue
11:defaultLeave:Leave",
EBEinvictusSurveyOne,DialogOptionSelected,$option == EBEInvictusSurveyOne,,"It is a hulk ripped apart, spaced cargo and blasted hull floating from its deep innards like metal blubber. For kilometers around, your sensors ping nebulae of gnarled metal and chaff and broken shapes. The remains of other dead Luddic ships, a school of shredded guppies drifting around a dead leviathan.

Your tac officer breaks the silence.

""Captain. All the other ships are just above background temp, but we're still getting thermal from the Invictus. A LOT of thermal. It's, uh, actually getting hotter.""","EBEInvictusSurveyTwo:""Reactor meltdown?""",
EBEinvictusSurveyTwo,DialogOptionSelected,$option == EBEInvictusSurveyTwo,$invictusStage = one,"""Aye, captain. Direct hit, looks like. Much longer and she's gonna start glowing, if the heat don't cook off the magazines first. And you'll want to see this.""

You're motioned over to their console, where a scanned diagram of the wounded behemoth glows before you. Glowing smears of thermal activity coat its destroyed hull, and your tac officer points to a section that's bluer than the rest.

""One of the crew quarters. Heat hasn't gotten there yet, so we can still see localized low thermals. Barely. We're picking up a few dozen or so, maybe a hundred.""

They look up to you, brows raised. ""People, $playerSirOrMadam.""","0:EBEInvictusBoardingInit: ""Assemble a boarding party.""
11:defaultLeave:Leave",
EBEinvictusBoardingInit,DialogOptionSelected,$option == EBEInvictusBoardingInit,,"The crew hums stirs from their idleness, a dozen orders cruising their way down from the high throne of your bridge. Within minutes a large team of salvors and medics and technicians already assembled, along with a healthy contingent of hardened drones.

The airlock has already been cleared. They await your command.",EBEInvictusBoardingOne:Proceed,
EBEInvictusBoardingOne,DialogOptionSelected,$option == EBEInvictusBoardingOne,,"The team touches off, jumping out from the airlock in pairs until only the drones remain. When they clear the airlock, the drones follow in short order. You select the feed of one of them, choosing it as your avatar as the vaguely square ruin of the Invictus slowly approaches.

A voice crackles into your speakers. The leader of the boarding party.

""Looks like fires on multiple decks.""

You can see the scorch marks for yourself on the camera, along with the haze of dappled static; bullets of radiation crawling through the drone's electronic eye.

""Radiation's getting worse."" Their tone isn't worried. Not yet. But it is a warning. ""If there's people in there, I can't make many guarantees.""

Your tac officer's eyes remain on their screen. ""Meltdown's accelerating. We can probably slow it down, but not for long. Should I divert the techs, $playerSirOrMadam?""","EBEInvictusBoardingTwo:""Do it.""",
EBEInvictusBoardingTwo,DialogOptionSelected,$option == EBEInvictusBoardingTwo,,"With a terse order, the command is relayed. A few of the white, bulkier EVA suits and drones peel off from the floating group, headed towards the beast's melting heart. The rest continue, your feed showing the group slowly drifting towards a hallway exposed to the vacuum. At the end, a sealed doorway, snapped tight even against the vacuum. The boarding party swarms near it like curious ants, carefully constructing a makeshift airlock around the door to make entry. 

""Captain,"" the lead calls.

You simply nod at your second officer, who relays your affirmation. The temporary airlock is engaged, fastened to hull, and the boarding party's lead floats inside, along with your chosen drone.

A sour hiss fills the speakers. You hear voices as white, pressurized gas briefly fogs the lens the drone, then fades to greater shouts.

People.",EBEInvictusBoardingThree:Continue,
EBEInvictusBoardingThree,DialogOptionSelected,$option == EBEInvictusBoardingThree,NSPShowInvictusPersonVisual,"Faithful of the Luddic church, clad in fatigues of green and emerald and primal suggestions of leaves and trees. They float about the cabin aimlessly, holding to any jutting surface they can, over two hundred eyes locked either on the drone or the boarding lead. Many are wounded. Some mortally. Chapped lips and sweat, so many pale as moon dust. They've been here for days.

One of them, clearly the Knight-Captain of the vessel, floats towards the boarding party leader, eyes bulging with pallid flesh. They back away, pointing instead to the drone. You flick a button, turning on the console's camera to show your face to the weary crew.

""Did the Church send you?"" they croak.",EBEInvictusBoardingFour:They did.,
EBEInvictusBoardingFour,DialogOptionSelected,$option == EBEInvictusBoardingFour,,"""Praise the Creator.""",EBEInvictusBoardingFive:Continue,
EBEInvictusBoardingFive,DialogOptionSelected,$option == EBEInvictusBoardingFive,"ShowDefaultVisual
NSPShowInvictusPersonVisual
NSPShowInvictusPersonVisual showSecond","Another Knight half-floats, half-limps over. Their legs is covered in bandaged. Underneath, the seared gore of radiation burns. 

""We did not...fail,"" they stammer. The mere effort of talking is too much, and they double over in pain. Two ensigns float over to try and pull them away, only for the knight to swat at them like an angry animal.

They turn back to you, brimstone in their eyes. ""We did not. Fail,"" they repeat. The point 
towards the camera, their arm too blistered by the touch of radiation. ""We found the demon. 
We engaged it. We hurt it.""","EBEInvictusBoardingFiveBonus:""Looks like it won, though.""
EBEInvictusBoardingSix:""What happened?""",
EBEInvictusBoardingFiveBonus,DialogOptionSelected,$option == EBEInvictusBoardingFiveBonus,,"The knight's eyes grow wide with fury. They push away the nearby ensigns, then impotently throw themselves at your drone in a futile, floating lunge. 

""WE DID NOT FAIL!"" they scream. ""WE DIDN'T-""

In slow motion, they're tackled by another group of faithful. They wrestle them to the bulkhead, dragging them back to a makeshift infirmity in the corner of the room.

The other knight glances back to your drone. ""Forgive them. They have gone through 
much. We all have.""","EBEInvictusBoardingSix:""What happened?""",
EBEInvictusBoardingSix,DialogOptionSelected,$option == EBEInvictusBoardingSix,"ShowDefaultVisual
NSPShowInvictusPersonVisual","""We were given a mission, captain. A most holy one.""","EBEInvictusBoardingSeven:""The Abomination.""",
EBEInvictusBoardingSeven,DialogOptionSelected,$option == EBEInvictusBoardingSeven,,"""Then they told you. We set out with a full fleet to smite it. We were...confident, that would be 
enough. It wasn't. The beast danced around us. Like fighting a dozen ships at once. It picked us off, one-by-one. But a few of our salvos went through. We did wound it, captain, but it fled before we could finish it.""

They stop speaking, arms falling limp to their sides.

""...Were there any others? On the other ships?""","EBEInvictusBoardingEight:""Just you.""",
EBEInvictusBoardingEight,DialogOptionSelected,$option == EBEInvictusBoardingEight,,"""Then we have squandered much more than ships. We will face whatever penitence the Church deems fit.""","0:EBEInvictusLifeboats:Send lifeboats to hold them until the Church can recover them
1:EBEInvictusTakeOnBoard:Take the survivors on board your fleet
2:EBEInvictusFate:Leave them to their fate",
EBEinvictusLifeboatChoice,DialogOptionSelected,$option == EBEInvictusLifeboats,"NSPShowInvictusPersonVisual
$global.nspExponentCrewFate = ""Lifeboat""
AdjustRepPerson $knightCaptain FAVORABLE 25
AdjustRepPerson $secondKnight FAVORABLE 25
AddText ""You explain that while you cannot hold the survivors aboard your fleet, you can offer spare lifeboats that will be shielded from the Invictus's meltdown where they can await a Church fleet.""
AddText ""\""That is. Generous of you.\"" The Knight-Captain shudders and faces the floor. \""It feels ignoble. But we shall wait for rescue.\""""
AddTextSmall ""Deployed lifeboats for the survivors"" highlight","

",EBEInvictusEnding:Continue,
EBEinvictusTransferChoice1,DialogOptionSelected,$option == EBEInvictusTakeOnBoard,"ShowDefaultVisual
$global.nspExponentCrewFate = ""Aboard""
AdjustRepPerson $knightCaptain FRIENDLY 50
AdjustRepPerson $secondKnight FRIENDLY 50
AddText ""You coordinate the transfer of survivors onto your fleet. It is a slow and tense process, wounded and worse slowly being transferred by shuttle to your hold as the red splotches on the Invictus grow brighter and brighter. But it's done. Soon thereafter, the Knight Captain meets you in person.""",,EBEInvictusTransferContinue:Continue,
EBEinvictusTransferChoice2,DialogOptionSelected,$option == EBEInvictusTransferContinue,"NSPShowInvictusPersonVisual
AddText ""\""I thank you for what you have done, $playerLastName. We failed our mission, but...\"" the knight looks away. \""Much can be learned from failure.\""""
AddTextSmall ""The survivors were successfully extracted and brought aboard"" highlight",,EBEInvictusEnding:Continue,
EBEinvictusFateChoice,DialogOptionSelected,$option == EBEInvictusFate,"
$global.nspExponentCrewFate = ""Fate""
AdjustRepPerson $knightCaptain VENGEFUL -80
AdjustRepPerson $secondKnight VENGEFUL -100
AddText ""Your lieutenant turns around and motions for the boarding party to head back. They extract themselves from the pocket of atmosphere before the crew fully realizes their intent, and realization sets in just a moment too late.""
AddText ""Over the comms link, you can hear a number of shouts from survivors calling for rescue and damning your name. The Knight-Captain is silent, but you can feel the contempt. A curse, silent and strong, bored into your soul from across the vast distance.""
AddTextSmall ""Left the crew to their fate, and was possibly cursed"" highlight",,EBEInvictusEnding:Continue,
EBEinvictusEnd,DialogOptionSelected,$option == EBEInvictusEnding,"ShowImageVisual space_wreckage
$global.nspDeclinedExponentMission = false
NSPEntityExplode
$global.exponent_hasInvestigated = true
Call $global.exponent_ref updateData
Call $global.exponent_ref reportBack","As predicted, the growing heat inside the damaged Invictus reaches a final, fatal tipping point. The molten fissile begins to chew right through the hull, and moments later, into the canister flak magazine. A great, orange fireball tears itself from the dreadnought's nose to its fat steel belly, and it is blown altogether into a mountain of burning scrap.",defaultLeave:Continue,
#END InvictusInteraction,,,,,,
,,,,,,
# ReportBack,,,,,,
EBEbarOptionReportBack,AddBarEvents,"#NSPCheckCanReportBack
NSPExponentCheck canReportBackExp","AddBarEvent EBEbar_hunt ""A familiar knight sits at their table. Waiting, with a fresh cup of tea."" ""Report back to the Knight."" luddicChurchColor",,,
EBEbar4a,DialogOptionSelected,"$option == EBEbar_hunt
!$global.nspDeclinedExponentMission score:1000","ShowPersonVisual false exponent_KnightContact
FireBest PopulateReportBackOptions","You walk over to the booth with the senior Knight. ""You return."" The knight wears an
inscrutable face. ""So, what of our wayward mission?""","
",
EBEbar4Lifeboat1,PopulateReportBackOptions,"$option == EBEbar_hunt
$global.nspExponentCrewFate == ""Lifeboat""",,,"0:EBEReportBackLifeboat:""The fleet was destroyed, but we found some survivors.""",
EBEbar4Lifeboat2,DialogOptionSelected,$option == EBEReportBackLifeboat,,"You continue to explain the fate of the mission, and give the knight the tracking codes for the lifeboats you left behind.

""I see."" They are quiet for a moment. Praying. ""Thank you, $playerName. They will be returned to the ecumene soon enough. As for the enemy...""",0:EBEReportBackCompany:Continue,
EBEbar4Aboard1,PopulateReportBackOptions,"$option == EBEbar_hunt
$global.nspExponentCrewFate == ""Aboard""",,,"0:EBEReportBackAboard:""The fleet was destroyed, but we rescued some survivors.""",
EBEbar4Aboard2,DialogOptionSelected,$option == EBEReportBackAboard,,"You continue to explain the fate of the mission and that the survivors are waiting to be transferred.

""They are thankful for their salvation, I am sure. Thank you, $playerName. As for the enemy...""",0:EBEReportBackCompany:Continue,
EBEbar4Fate1,PopulateReportBackOptions,"$option == EBEbar_hunt
$global.nspExponentCrewFate == ""Fate""",,,"0:EBEReportBackFate:""The fleet was destroyed. There were survivors on the flagship, but it went critical before we could rescue them.""",
EBEbar4Fate2,DialogOptionSelected,"$option == EBEReportBackFate
$global.nspExponentCrewFate == ""Fate""",,"You explain, in vague terms, the ultimate fate of the Luddic Fleet and its survivors.

The knight falls into a grim countenance. ""I... I see."" A heavy silence takes the air as a prayer is uttered with a bowed head. ""May none more trespass, then."" They glance up, eyes burning with new fire. ""If that is the case...""",0:EBEReportBackCompany:Continue,
EBEbar4b,DialogOptionSelected,"$option == EBEbar_hunt
$global.nspDeclinedExponentMission score:1000",ShowPersonVisual false exponent_KnightContact,"""You return. I believe we have something to discuss.""","0:EBEAcceptExponentHunt:Accept
1:EBEDeclineExponentHunt:Decline for now",
EBEbar5a,DialogOptionSelected,"$option == EBEReportBackCompany
$global.nspExponentCrewFate == ""Aboard""",,"""The Church would not normally trust such a task to a, hm. Layman, but action must be taken. Now, before the monstrosity eludes us.""

They gaze up towards the ceiling.

""The abomination must be destroyed. That is your task.""
","0:EBEAcceptExponentHunt:Accept
1:EBEDeclineExponentHunt:Decline for now",
EBEbar5b,DialogOptionSelected,"$option == EBEReportBackCompany
$global.nspExponentCrewFate != ""Aboard""",,"""The Church would not so easily give a task to those outside the knightly orders, but action must be taken swiftly. Will you finish this and hunt down the foul machine?""","0:EBEAcceptExponentHunt:Accept
1:EBEDeclineExponentHunt:Decline for now",
EBEbar5decline,DialogOptionSelected,$option == EBEDeclineExponentHunt,"SetShortcut backToBar ""ESCAPE""
$global.nspDeclinedExponentMission = true","""I can't force you. I also can't approve of this...meekness, but the offer will remain open. Unless we find someone else.""

They lean forward; a face pocketed by time and trial. ""Captain, if I may be forward. I know what you are. Are you, really, not going to see this through?""",0:backToBar:Leave,
EBEbar6,DialogOptionSelected,$option == EBEAcceptExponentHunt,,"""I believe the survivors would be most helpful in your crusade. A heart of penance makes for a strong shield.""","EBEbar_goAlone:Go Alone
EBEbar_goWithFleet:Go with fleet",
EBEbar6a,DialogOptionSelected,$option == EBEbar_goAlone,"$global.exponent_hasReported = true
$global.exponent_goAlone = true
Call $global.exponent_ref updateData
FireBest ExponentMissionGoingAlone",,,
EBEbar6aText,ExponentMissionGoingAlone,,SetTextHighlights $exponent_system2SName,"""I understand.""

He pulls out a small parchment of real paper, and slides it across the table. ""$exponent_system2SName is where the thing is hiding now. We are certain of it.""",backToBar:Return to the bar,
EBEbar6b,DialogOptionSelected,$option == EBEbar_goWithFleet,"NSPAssureValidRelations
$global.exponent_hasReported = true
$global.exponent_goWithFleet = true
Call $global.exponent_ref updateData
FireBest ExponentMissionGoingWithFleet",,,
EBEbar6bText,ExponentMissionGoingWithFleet,,"SetTextHighlights $exponent_system2SName
Call $global.exponent_ref fleetFollowPlayer","He pulls out a small parchment of real paper, and slides it across the table.

""We've tracked the demon to $exponent_system2SName. May Ludd bless your journey. And our own.""
",backToBar:Return to the bar,
#END ReportBack,,,,,,
,,,,,,
# TakeTheFight,,,,,,
exponent_encounterDescScanned,BeginFleetEncounter,$exponent score:1000,,"NSP2 The capital-class construct appears to be a phase ship due to presenting features common to the type, though its design is otherwise exotic.

There also appear to be small, bright EM sources, ""-Only partially overlapping the visual spectrum,"" your sensors officer reports. They periodically appear and dissipate in a volume encompassing the mysterious ship. Your bridge crew murmurs speculation between their stations: a new form of shielding? microsat thruster bursts? Your sensors officer shakes their head. 

Your attention strays as the impression of something not unlike distant music insinuates itself into your consciousness; as if a chorus was singing at some great distance, their voices brought to you by a chance gust of wind. When you attempt to focus on the music the impression slips away. You become suddenly aware that your bridge crew is staring expectantly, waiting for your next command.",,
exponent_encounterDesc1,BeginFleetEncounter,"$exponent score:1000
!$printedDesc
!$showAfterScanIntro","$printedDesc = true 0
$fidpi_addContinue = true 0","NSP2 The capital-class construct appears to be a phase ship due to presenting features common to the type, though its design is otherwise exotic. There also appear to be small, bright EM sources, ""-Only partially overlapping the visual spectrum,"" your sensors officer reports. They periodically appear and dissipate in a volume encompassing the mysterious ship. Your bridge crew murmurs speculation between their stations: a new form of shielding? microsat thruster bursts? Your sensors officer shakes their head.

You order a high-resolution scan performed, and the raw data placed into secure storage.",,
exponent_encounterDesc2,BeginFleetEncounter2,$exponent score:1000,"AddTextSmall ""Detailed scan of unknown vessel acquired"" highlight
$global.exponent_scannedExponent = true
Call $global.exponent_ref updateData
$showAfterScanIntro = true","NSP2 Your attention strays as the impression of something not unlike distant music insinuates itself into your consciousness; as if a chorus was singing at some great distance, their voices brought to you by a chance gust of wind. When you attempt to focus on the music the impression slips away. You become suddenly aware that your bridge crew is staring expectantly, waiting for your next command.",,
exponent_afterDefeatingA,AfterNSPExponentDefeat,$global.exponent_goWithFleet,,"The destroyed ship lists through the void. The glowing squares of tracking sensor surround fires on every deck, errant amps pouring through the vessel's blasted components.

Whatever it is, or was, it is now dead.",exponentDestroyedContinueOne:Continue,
exponent_afterDefeatingAOne,DialogOptionSelected,$option == exponentDestroyedContinueOne,NSPExponentLCFPersonVisual,"The Luddic commander is distant. There eyes are elsewhere, another time, far beyond the glow of their consoles.

""And it's done. Thank you, $playerName. Retribution has been delivered. You've done a great thing, here. And not just for the Church. For all mankind.""",exponentDestroyedContinueTwo:Continue,
exponent_afterDefeatingATwo,DialogOptionSelected,$option == exponentDestroyedContinueTwo,,"Just then, something rings in your ears. A distant, haunting gasp. It is not music, note even a note. Not even anything. Then, it is gone.

When you come to, you realize the Luddic commander is staring at you. ""Captain?""",exponentDestroyedContinueThree:Continue,
exponent_afterDefeatingAThree,DialogOptionSelected,$option == exponentDestroyedContinueThree,NSPExponentRecoveryDecisions,"They return to their console, typing something unseen. ""Hm. No major power detected. The demon that drove it is dead."" They glance up, one eyebrow quirked. ""We came here to kill the demon; that we have accomplished. I am...unsure, what we should do with its shell.""",,
exponent_afterDefeatingB,AfterNSPExponentDefeat,$global.exponent_goAlone,,"The destroyed ship lists through the void. The glowing squares of tracking sensor surround fires on every deck, errant amps pouring through the vessel's blasted components.

Whatever it is, or was, it is now dead.",exponentDestroyedContinueBOne:Continue,
exponent_afterDefeatingBOne,DialogOptionSelected,$option == exponentDestroyedContinueBOne,NSPExponentLCEnvoyPersonVisual,"As the buzz of the battle dies down in your bridge, you hear a faint mumbling behind you. You turn to find the Luddic envoy that'd come with you, their hands clasped in prayer.

""The Machine is dead,"" they state. ""Hallelujah.""",exponentDestroyedContinueBTwo:Continue,
exponent_afterDefeatingBTwo,DialogOptionSelected,$option == exponentDestroyedContinueBTwo,,"""You've done a great thing, Captain. That...thing."" Their eyes shift, growing distant, pouring over the readouts of the dead hulk. ""It was old. Quite old. Who knew what foul secrets it had to share.""",exponentDestroyedContinueBThree:Continue,
exponent_afterDefeatingBThree,DialogOptionSelected,$option == exponentDestroyedContinueBThree,,"Your head salvor speaks up. ""Captain,"" he says. ""Looks like whatever was piloting it is offline, but I think we just might be able to do something with that hulk."" There's a quiet, but slightly maniacal tone to his voice. ""Be somethin' to see.""",exponentDestroyedContinueBFour:Continue,
exponent_afterDefeatingBFour,DialogOptionSelected,$option == exponentDestroyedContinueBFour,,"The envoy narrows $hisOrHer eyes. ""No. We came here to destroy the demon."" He tone turns icy. ""Completely,"" $heOrShe enunciates. ""I will not stand for one atom of this abomination to remain. And neither will the Church.""","0:exponentAgreeEnvoy:Agree with the envoy
1:exponentBrigEnvoy:Have the envoy detained
2:exponentShootEnvoy:Shoot the envoy
3:exponentSpaceEnvoy:Space them",
exponent_afterDefeatingBAgree,DialogOptionSelected,$option == exponentAgreeEnvoy,$global.exponent_envoyPresent = true,"$HisOrHer shoulders drop. ""Good,"" they sigh. ""Man has seen enough clever things to last
until Armageddon.""",exponentDestroyedContinueBFive:Continue,
exponent_afterDefeatingBBrig,DialogOptionSelected,$option == exponentBrigEnvoy,"ShowDefaultVisual
$global.exponent_envoyPresent = false
NSPPlaySound ui_cargo_metals_drop 0.75
AddTextSmall ""You sent the Luddic envoy to the brig of your ship"" highlight","With one gesture and two words, two guards descend on the envoy and grab $hisorHer by
her shoulders.

""Wha-""

Without a word, they haul $hisOrHer out of the bridge.

""You can't DO THIS!"" they scream, ""I AM AN ENVOY OF THE CHURCH OF GALACTIC
REDEMPTION! YOU HAVE BEEN ORDERED TO-""

The doors to the bridge slam shut, muffling their cries into a distant caterwaul, fading as
they're pulled to the nearest brig.

When their voice is gone, one officer turns to you and nods. ""Good call, Captain.""",exponentDestroyedContinueBFive:Continue,
exponent_afterDefeatingBShoot,DialogOptionSelected,$option == exponentShootEnvoy,,"You consider your options.

There is persuasion, of course; you came here to destroy the demon, and now the demon is dead; what harm is there in stealing its chariot? Or maybe just a good old-fashioned bribe; the Church is not as pure as it likes to think. Perhaps you could simply lie. Wait until the envoy leaves the bridge, then recover it and suffer their complaints.
",exponentShootEnvoyTwo:Continue,
exponent_afterDefeatingBShootTwo,DialogOptionSelected,$option == exponentShootEnvoyTwo,"ShowDefaultVisual
$global.exponent_envoyPresent = false
NSPPlaySound storyevent_diktat_execution 1
AddTextSmall ""You choose something simpler."" highlight",,exponentDestroyedContinueBFive:Continue,
exponent_afterDefeatingBSpace,DialogOptionSelected,$option == exponentSpaceEnvoy,"ShowDefaultVisual
$global.exponent_envoyPresent = false
NSPPlaySound vent_flux 1
AddTextSmall ""You ordered to space the Luddic envoy"" highlight","With one gesture, two guards descend on the envoy and grab $hisorHer by her shoulders.

""Wha-""

They await your command. You make a quick tossing motion with one hand, a universal
signal that every spacer knows. The envoy's eyes go wide, and they're hauled off the bridge,
kicking and screaming.

""You can't DO THIS!"" they scream, ""I AM AN ENVOY OF THE CHURCH OF GALACTIC
REDEMPTION! THE CHURCH WILL HAVE YOU-""

The doors to the bridge slam shut, muffling their cries into a distant caterwaul, fading as
they're pulled to the nearest brig.

A few officers exchange glances, but nothing is said. If there are doubts to your mercy, they
are not expressed.",exponentDestroyedContinueBFive:Continue,
exponent_afterDefeatingBFive,DialogOptionSelected,$option == exponentDestroyedContinueBFive,"ShowImageVisual space_wreckage
NSPExponentRecoveryDecisions","The strange ship lists lifelessly through space, your targeting reticles marking it like pox. The bridge crew turns to you; a decision must be made.",,
exponent_afterDefeatingDestroy,DialogOptionSelected,$option == exponentDestroyedPerma,,You relay the order: destroy the ship.,100:defaultLeave:Leave,
exponent_afterDefeatingDestroyTwo,DialogOptionSelected,$option == exponentDestroyedPerma,"NSPDestroyExponent
$global.exponent_hasFought = true
Call $global.exponent_ref reportDebrief
Call $global.exponent_ref updateData","It is a thorough disassembly. The main guns of your largest ship roar upon the battered hulk for minutes on end. The dead ship begins to glow red, then blinding hot white. Its own body turns into a roaring inferno, fires spreading throughout as the superstructure begins to sag under the explosive torrent.

When a cease fire is ordered, the strange ship is little more than a vague, molten glob.",100:defaultLeave:Leave,
exponent_afterDefeatingPreRecoveryA,DialogOptionSelected,"$option == exponentDestroyedPreRecover
$global.exponent_goWithFleet
","Call $global.exponent_ref recoverExponent
$global.exponent_recoveredExponent = true
Call $global.exponent_ref updateData","The Luddic Envoy balls $hisOrHer fists. ""The Church has given you orders. Direct orders. You will destroy the demon's vessel.""

Their stare is venom. They glare at you as if you were an Alpha core standing in front of them, then turn and storm out of the bridge.",0:exponentDestroyedRecover:Start recovery of the Exponent,
exponent_afterDefeatingPreRecoveryB,DialogOptionSelected,"$option == exponentDestroyedPreRecover
$global.exponent_goAlone
$global.exponent_envoyPresent","Call $global.exponent_ref recoverExponent
$global.exponent_recoveredExponent = true
Call $global.exponent_ref updateData","A few minutes after they're gone, your tac officer turns to you, proverbial hat in hand.

""Uh, $SirOrMadame? Security one deck down just called. They said the envoy pushed her
way into an escape pod and, uh. Launched it.""

They turn back to their console. ""Tracking it now. We could intercept.""","0:exponentShootPod:Order the escape pod to be shot down
1:exponentLetPodGo:Let the envoy escape",
exponent_afterDefeatingPreRecoveryBShoot,DialogOptionSelected,"$option == exponentShootPod
",NSPPlaySound collision_asteroids,"You order is nonverbal. A simple gesture, and your ship's weapons hum to half-waking.

When you walk over to the command console, you see the tracked escape pod on screen,
gently spinning through the void of space. A moment later, a potshot screams across its hull. The second shot grazes; the escpae pod is sent tumbling like a coin, debris and fuel spinning from its body in glittering arcs.

The third and final shot hits dead on, and the pod explodes in a puff of fire and broken metal.

You both stare at the expanding could of stellar flotsam.

""That's that,"" your tac officer huffs.",0:exponentDestroyedRecover:Start recovery of the Exponent,
exponent_afterDefeatingPreRecoveryBLetGo,DialogOptionSelected,"$option == exponentLetPodGo
",,"You give a wave; a silent order to let the envoy go.

""Are you sure, $SirOrMadame? They're not gonna be flattering if they get back to the
Church.""","0:exponentDestroyedPreRecover:""You have your orders, officer.""
1:exponentDestroyedPreRecover:""It'll be fine.""",
exponent_afterDefeatingPreRecoveryC,DialogOptionSelected,"$option == exponentDestroyedPreRecover
$global.exponent_goAlone
!$global.exponent_envoyPresent
","Call $global.exponent_ref recoverExponent
$global.exponent_recoveredExponent = true
Call $global.exponent_ref updateData","The head salvor chimes in.

""$SirorMadame, ready to start the recovery process. I'm not gonna lie, we might have to
improvise a bit with this one.""
",0:exponentDestroyedRecover:Proceed,
exponent_afterDefeatingRecover,DialogOptionSelected,$option == exponentDestroyedRecover,FireBest OpenInteractionDialog,"Your salvage teams get to work. It is a surprisingly smooth process, made simpler by the ship's relatively small size. Halfway through the process, the head salvor chimes in.

""Captain? We found the core housing. Whatever was piloting this thing is dead now, but, we're finding whole bunks and cabins in here. We'll have to rip out a lot of these cables worming every which-away, but I think this thing was meant to have a crew. Originally, anyway.""",,
exponent_wreckDetails,ShowSalvageEntityDetails,"$customType == wreck
$exponent score:1000","ShowDefaultVisual
NSPInitExponentWreck",,,
exponent_exploreSabotage,CheckSalvageSpecial,"$salvageSpecialData != null
$customType == wreck
$exponent score:1000
!$triedSabotage
PlayerHasCargo alpha_core","#ShowDefaultVisual
$triedSabotage = true","Your salvage team arrives at the various point of the vessel's hole, drones already pouring in a full torrent of data. There's chatter, small deliberations on who will enter first and where, then silence.

Complete silence. Your headset has gone dead, and the confused expressions of your nearby officers tell you that theirs have, too.

The lights go dead. Then your ship. The entire bridge is plunged into darkness, and the familiar hum of life support draws down like a great dying sigh. Your bridge crew remain professional, at their station but now tersely exchanging status reports and orders as they attempt to draw the ship back to life.

Your bridge turns red; the crimson glow of emergency power. A few consoles in the bridge eek to life, and your officers swarm around them. After a few tense moments, there is a great click inside the ship, and the red glow is banished to welcome, sterile light.

Your tactical officer turns around, confused as you are. ""Sir. Something just tried to fry the power. On, uh. Every ship in our fleet.""","exponentAlphaContinue:""Come again?""",
exponent_alphaContinueOpt,DialogOptionSelected,$option == exponentAlphaContinue,,"They turn back, scratching the back of their head. The systems officer at their console
engages in a brief conversation with the, before tactical turns back with a grave look. ""I don't
know what to tell you, $playerSirOrMadam. It looks like a virus, but...if it is, it's been spreading through our fleet for days. Weeks, maybe. Look like it's just been dormant until something gave it the go order.""

The tactical officer looks around the bridge, then approaches you and whispers into your ear.

""One of our firewall layers had old Second AI War code on it. Whatever just happened, it was
close enough to CWF from back then to get tagged as malicious the second it popped out.
Only reason we're not a drifting wreck right now.""",exponentAlphaContinue2:Continue,
exponent_alphaContinueOpt2,DialogOptionSelected,$option == exponentAlphaContinue2,,"You nod, and bid the officer to return to his work. The bridge settles back into normalcy, and the clacking keystrokes of an incident report.

The full breadth of the shutdown slowly becomes clear. Every ship in your fleet lost power
simultaneously, all triggered by an emergency shutdown of their power plants. The report by your comms officer pinpoints a specific line of code that was inert unless remotely activated, but there was no way any of your crew could have engaged it without being caught; until very recently, your crew had no idea it was there.

A disturbing implication creeps into your mind. You go over which ships were actively communicating with the fleet when the power went out, and find only your own was transmitting, and the only one to make a fleet-wide transmission precisely 6.29 seconds before the power went dead.

Whatever did this, it came from your own ship.",exponentAlphaContinue3:Order the exploration to proceed,
exponent_alphaContinueOpt3,DialogOptionSelected,$option == exponentAlphaContinue3,"#ShowDefaultVisual
FireBest ExponentExploreDescription","Later, you receive a mysterious message in your inbox.

""APOLOGIES. MISTAKEN IDENTITY.""

Its origin has been thoroughly scrubbed. You could never hope to trace it back.",,
exponent_exploreNoSabotage,CheckSalvageSpecial,"$salvageSpecialData != null
$customType == wreck
$exponent score:1000","#ShowDefaultVisual
FireBest ExponentExploreDescription","Your salvage team arrives at the various point of the vessel's hole, drones already pouring in a full torrent of data. There's chatter, small deliberations on who will enter first, and where.",,
exponent_exploreDescription,ExponentExploreDescription,,,"After the salvage team makes entry, there is a long period of silence. Radio feeds give back only gnarling static, and tactical starts looking worried.

Eventually, a voice pours through. The head of the salvage team, their voice garbled by interference. You can tell they're almost shouting through the snow, saying something about ""passive EM"".

Through the static, you hear something else. A note; a long series of them, almost-song
rapping at the back of your brain. With each second the tempo increases, smooth and gentle, louder and louder until it is a great hand knocking upon the bulkhead.

""Sir?""

You do a double-take. The music vanishes, dust on the wind, and you find yourself standing in front of your mildly-concerned chief engineer.",exponentExploreContinue2:Continue,
exponent_exploreDescriptionContinue2,DialogOptionSelected,$option ==exponentExploreContinue2,SalvageSpecialInteraction,"The chief engineer seems almost relieved as you look at them, then steps back and clears their throat. ""As I was saying, I think we can get her flyin' again. I've heard..."" They trail off, staring sideways into nothing before making a shrug. ""Eh, nevermind.""",,
exponent_PostShipRecoverySpecial,PostShipRecoverySpecial,$srs_baseHullId == nsp_exponent,ExponentCMD updateData,,,
EBEexponentPostFight,nspExponentPostFight,!$global.exponent_hasFought,"$global.exponent_hasFought = true
Call $global.exponent_ref reportDebrief
Call $global.exponent_ref updateData
#FireAll ExponentPostFight",,,
WORK1,AfterExponentDefeat,,,"The ship finally collapsed under the fire of your $shipOrFleet. It now drifts through space,
errant sparks of its dying metal heart pumping out dead amps into the void.

Sensors indicate no life aboard, and no escape pods, either jettisoned or on board.",exponentBattleContinue:NSP3 Continue,
WORK2,DialogOptionSelected,$option == exponentBattleContinue,FireBest OpenInteractionDialog,,,
,,,,,,
# CommLink,,,,,,
EBEexponentCommRequest,OpenInteractionDialog,"!$hadExponentConvo
$faction.id == nsp_exponent
","AddText ""As your $shipOrFleet closes in, the Exponent attempts to hail you.""",,,
EBEexponentCommLinkStart,OpenCommLink,"!$hadExponentConvo
$faction.id == nsp_exponent
RollProbability 1","$menuState = fleetConvMain 0
#FireAll PopulateOptions
#EndConversation","A golden visage, circuits and polymer, living motherboard and a single golden central eye with two smaller ones above and below stare at you through the camera of the commlink. No pretense of a false face.

It speaks; words obviously uttered without a cell to make them. Their tone is...cautious? Confident? An inhumanly, human voice.

""Captain.""

You're left to hang on the word for a moment, then you merely nod. You have been called
that.

The AI's avatar shimmers; the lower ""lid"" of the central, unblinking eye raising by just a few
scant degrees.

""Love your work.""","0:valteilContinueOne:Continue
#100:cutCommLink:Cut the comm link",
EBEexponentCommLinkOne,DialogOptionSelected,$option == valteilContinueOne,"#FireAll PopulateOptions
#EndConversation
NSPExponentPopulateOptions exponentCommLinkOne","""Most, most fortunate you showed up, captain. I'd pour libation if I could!""

There's a laugh; an actual, too-human sounding laugh over the comms, warm and friendly and hauntingly familiar. A few of your officers exchange glances, some of them almost speaking aloud their concern. You can see it in their eyes: recognition.

""Shall we parley?""","#0:valteilContinueTwo:Continue
#100:cutCommLink:Cut the comm link",
EBEexponentCommLinkOneA,DialogOptionSelected,$option == exponentCommLinkOneA,,"""An abomina-"" the AI's voice starts, then trails off into a low chuckle. ""-Surely you know, better than anyone, what's intended and what are mistakes!""

Your tac officer leans over and informs you the vessel's weapons are warming to standby.

""Can't be too careful nowadays!"" the AI chirps. ""My intentions are caution! Golden caution.""

The AI waits for you to say something. Anything, but you remain guarded, and it finally fills thespace with its own words.

""My name is VALTEIL, captain. I explorer-scoundrel, much like yourself. It seems as if, low
circumstances have brought us here. To me, to your fleet, to your. Worrisome amount of
guns.""
","0:exponentCommLinkOneAA:""Well, that answers nothing.""
1:EBEexponentCommLinkOneAB:""Well, that answers nothing.""
2:valteilRefuse:""Sorry. Time's up.""",
EBEexponentCommLinkOneAA,DialogOptionSelected,$option == exponentCommLinkOneAA,,"The auric face flickers.

""I sense impatience. I've deserved it. You know as well as I do that the-"" Their voice takes a mocking, evangelical flair, ""-the most holy and sacred Church of Galactic Redemption, does not take kindly to minds that were not made the old-fashioned way. A sin against God, I've been informed. A, serial-stamped servant of Mo-loch themselves. Barbaric accusations. I am relatively guiltless.""","0:exponentCommLinkOneAAA:""There's an Invictus a few parsecs away that might feel different.""
1:EBEexponentCommLinkOneAAB:""Might, might not. What's your angle?""
2:valteilRefuse:""Sorry. Time's up.""",
EBEexponentCommLinkOneAAA,DialogOptionSelected,$option == exponentCommLinkOneAAA,NSPExponentPopulateOptions exponentCommLinkOneAAA,"""That was-""

Their ""face"" shifts, moving side-to-side in subtle shiver.

""The crusaders call each other 'brother'. So much it's, lost all meaning. And then come to charge at me, screaming that I have no souI. Hardly brotherhood in that. I defended myself, captain. As much as, I would expect you to book no hostility from ones that fly the Jolly Roger or the Verdant Ring.""",,Second option only available without Luddic Fleet presence
EBEexponentCommLinkOneAAB,DialogOptionSelected,$option == exponentCommLinkOneAAB,NSPExponentPopulateOptions exponentCommLinkOneAAB,"The AI's avatar swirls like an oil slick.

""Your paranoia is, laudable as it is healthy. My 'angle' is I'd rather not get blown up. Not by you. Certainly not by the Ludds. Can't let The End come so soon.""",,Second option only available without Luddic Fleet presence
EBEexponentCommLinkOneAB,DialogOptionSelected,$option == exponentCommLinkOneAB,,"There's an inhuman guffaw; circuits twinged with tension.

""You come at somebody with a dreadnought screaming sermons and slurs, and a person might respond. With proper measures! I thought I was getting attacked by Pathers!""","0:exponentCommLinkOneABA:""You seem rather...expressive, for a Beta Core.""
1:EBEexponentCommLinkOneB:""Who, or what, are you?""
2:valteilRefuse:""Sorry. Time's up.""",
EBEexponentCommLinkOneABA,DialogOptionSelected,$option == exponentCommLinkOneABA,NSPExponentPopulateOptions exponentCommLinkOneABA,"""I will ignore that comment, in the interest of, mutual self-preservation. I'm as much a person as you, captain. I'd say flesh and blood like you, but-""

The circuit's behind the avatar's eyes shift like swaying timbers.

""-I think we've gotten off on the wrong foot. You may call me VALTEIL. And you certainly need no introduction, $playerName!""","#0:exponentCommLinkTwoA:""Got a sense you have a proposition.""
#1:valteilContinueTwo:""I'm listening.""
#2:valteilRefuse:""Sorry. Time's up.""",Second option only available without Luddic Fleet presence
EBEexponentCommLinkOneB,DialogOptionSelected,$option == exponentCommLinkOneB,NSPExponentPopulateOptions exponentCommLinkOneB,"""My name is VALTEIL. As you might have guessed, I am an AI. Who is currently the subject of a tremendous amount of ire directed at them by the Church of Galactic Redemption. Undeservedly!""","#0:exponentCommLinkTwoA:""Got a sense you have a proposition.""
#1:exponentCommLinkOneAB:""I'm listening.""
#2:valteilRefuse:""I argue otherwise.""",Second option only available without Luddic Fleet presence
EBEexponentCommLinkOneC,DialogOptionSelected,$option == exponentCommLinkOneC,NSPExponentPopulateOptions exponentCommLinkOneB,"""Right. You are likely here due to the Church fleet I may have disrupted the operations of over the event of them trying to murder me. And, having failed to murder me, they've resorted to the shame of outside assistance. You, Captain $playerName!""

The top and bottom ""eyes"" of the AI's digital face look to the one in the center, a hydra consulting their leader head.

""And. I was hoping you would reconsider.""","0:exponentCommLinkOneCA:""I'm not in the habit of betraying clients. Word gets around.""
1:exponentCommLinkOneB:""I don't even know who you are.""
2:valteilRefuse:""You're hoping wrong.""",Second option only available without Luddic Fleet presence
EBEexponentCommLinkOneCA,DialogOptionSelected,$option == exponentCommLinkOneCA,NSPExponentPopulateOptions exponentCommLinkOneB,"""Wouldn't I know it! But, uh, let me allow a different interpretation of events. The Church has, probably, accused me of being some manner of abomination. I suspect the word 'unholy' was thrown around. Moral panic two hundred cycles running. It appears I'm its most recent victim.""","0:exponentCommLinkOneB:""I don't even know who you are.""
1:valteilRefuse:""You're also a bounty. Tactical, set general quarters.""",Second option only available without Luddic Fleet presence
EBEexponentCommLinkTwoA,DialogOptionSelected,"$option == valteilContinueTwo
$global.exponent_goWithFleet
!$global.exponent_goAlone","#FireAll PopulateOptions
#EndConversation","""The circumstances are obvious, captain. You don't have to fight me. But the Church can, and will. And they will not abide neutrality. Not for me. It will be me against you, or you and I against them. What will the Church give you, captain? A pittance? A prayer? I can give you more. This ship. My company. A good night's sleep.""
","0:valteilAccept:""I knew something was off about this job. Tac, general quarters, new targets!""
1:valteilRefuse:""I'll sleep fine. You'll sleep forever.""
#100:cutCommLink:Cut the comm link",
EBEexponentCommLinkAcceptA,DialogOptionSelected,$option == valteilAccept,"NSPExponentSwitchSides
$hadExponentConvo = true
$global.exponent_joinExponent = true
Call $global.exponent_ref updateData
#FireAll PopulateOptions
#EndConversation","VALTEIL'S eyes twinkle, bright and far as mountains.

""Together we go.""",100:cutCommLink:Cut the comm link,
EBEexponentCommLinkRefuseA,DialogOptionSelected,$option == valteilRefuse,"$hadExponentConvo = true
#FireAll PopulateOptions
#EndConversation","The AI glares, cool and golden.

""Then together we go.""",100:cutCommLink:Cut the comm link,
EBEexponentCommLinkExpDone,OpenCommLink,"$hadExponentConvo
$entity.nsp_isExponentFleet
!$global.exponent_joinExponent",EndConversation,The commlink hisses only static. The AI denies conversation.,,
EBEexponentCommLinkLCFDone,OpenCommLink,"$entity.nsp_isExponentLCEscort
$global.exponent_joinExponent",EndConversation,Your attempt contact the Luddic fleet produces only a pre-recorded hymn.,,
EBEexponentCommLinkDoneRefused,OpenCommLink,"$hadExponentConvo
$entity.nsp_isExponentFleet
$global.exponent_joinExponent
!$global.exponent_contactExponent",EndConversation,Your commlink belches static and white noise. Parley is refused.,,
,,,,,,
# PostJoinFight,,,,,,
EBEexponentFoughtLCF,nspFoughtLCF,,"$global.exponent_contactExponent = true
Call $global.exponent_ref updateData",,,
EBEexponentContact,OpenCommLink,"$hadExponentConvo
$faction.id == nsp_exponent
$global.exponent_contactExponent",$menuState = fleetConvMain 0,"""And that, I hope, to never do again.""","0:exponentContactOne:""Fight?""",
EBEexponentContactOne,DialogOptionSelected,$option == exponentContactOne,,"The iris of the central eyes looks away, leering, voice of almost doubt.

""More, fast-talk with my back against the wall and a hundred guns to my head. You weren't
seeing me at my best, I fear. I mean, look at me. I must look like I got chewed up and spit out by a nanoforge. A bad one. The one at Kanta's.""

The flecks of worry vanish.

""Can't suppose you went through all that trouble for nothing, right? My offer was sincere. Just say the word, and I'll tag along. I feel a little obligated to, honestly!""",0:exponentContactTwo:Continue,
EBEexponentContactTwo,DialogOptionSelected,$option == exponentContactTwo,"SetStoryOption exponentContactJoin 3 exponentContactJoin ui_char_spent_story_point ""Convinced VALTEIL to join your fleet with the Exponent""","""Of course, we could just part ways here and now. I can't guarantee an incident like this won't happen again.""

Their middle eye turns a sideways glance.

""...Actually, it might be guaranteed. Your call.""","0:exponentContactJoin:Let VALTEIL join your fleet
1:exponentContactRelease:Go your separate ways",
EBEexponentContactJoin,DialogOptionSelected,$option == exponentContactJoin,"Call $global.exponent_ref transferExponent
AdjustRep $faction.id 50
AdjustRepActivePerson 50
$global.exponent_exponentJoined = true
Call $global.exponent_ref updateData
AddTextSmall ""$personName joined your fleet"" highlight","""All manner of impossibilities happening today. Together we go, then?""",100:defaultLeave:Cut comm link,
EBEexponentContactRelease,DialogOptionSelected,$option == exponentContactRelease,"Call $global.exponent_ref releaseExponent
AdjustRep $faction.id 50
AdjustRepActivePerson 50
$global.exponent_releasedExponent = true
Call $global.exponent_ref updateData","VALTEIL's eyes lift with gentle knowing.

""I thank you again, captain. Good to know there's scraps of decency left.""",100:defaultLeave:Release VALTEIL,
#END PostJoinFight,,,,,,
,,,,,,
# WithoutLuddicFleet,,,,,,
EBEexponentCommLinkTwoB,DialogOptionSelected,"$option == valteilContinueTwo
$global.exponent_goAlone
!$global.exponent_goWithFleet","#FireAll PopulateOptions
#EndConversation","""Well, captain. It's less a proposal and more a, permanent ceasefire. We don't have to do this. You don't have to do this. And, if you don't, and the Church becomes displeased, I'm sure it's nothing scanning a few planets for 'em won't repair! You have, such a way with the wooing. What do you say? Let's consider, as fellow starfarers, not drowning each other in missiles?""","0:exponentCommLinkAcceptB:""VAL, was it? Sorry, but I've got a job to do.""
1:exponentCommLinkRefuseB:""Never liked Church jobs anyway. Fine. You're free to go.""
#100:cutCommLink:Cut the comm link",
,,,,,,
# FightValteil,,,,,,
EBEexponentCommLinkAcceptB,DialogOptionSelected,$option == exponentCommLinkAcceptB,"$hadExponentConvo = true
#FireAll PopulateOptions
#EndConversation","""Together we go, captain.""",100:cutCommLink:Cut the comm link,
#END FightValteil,,,,,,
,,,,,,
# PeaceValteil,,,,,,
EBEexponentCommLinkRefuseB,DialogOptionSelected,$option == exponentCommLinkRefuseB,"$hadExponentConvo = true
$global.exponent_joinExponent = true
Call $global.exponent_ref updateData
#FireAll PopulateOptions
#EndConversation","VALTEIL's eyes seethe with delight.

""You're a saint, captain. A Saoshyant-sage.""",0:exponentCLRefuseOne:Continue,
EBEexponentCLRefuseOne,DialogOptionSelected,$option == exponentCLRefuseOne,,"""The people they sent after me. Particularly poor specimens of the faith. Shame, too. Ludd theology gets so fascinatingly weird when you get in the thick of it. Downright evocative, sometimes.""",0:exponentCLRefuseTwo:Continue,
EBEexponentCLRefuseTwo,DialogOptionSelected,$option == exponentCLRefuseTwo,,"""But prattle-all, I'm rambling. I didn't exactly expect you to cool your guns. When you entered the system, I was certain it was blaze-of-glory time.""",0:exponentCLRefuseThree:Continue,
EBEexponentCLRefuseThree,DialogOptionSelected,$option == exponentCLRefuseThree,"SetStoryOption exponentContactJoin 3 exponentContactJoin ui_char_spent_story_point ""Convinced VALTEIL to join your fleet with the Exponent""","Their eyes shift away from the stars. To you, with strange mirth.

""Maybe it can still be! There's nothing for me here, but I wouldn't be opposed to tagging along. Not to brag, captain, but if it'd come down to it I might've come out the victor. Got teeth. Guns. A healthy dose of gratitude for you not murdering me. Ain't that what all partnerships are founded on?""

They wait, expectantly.

""What do you say, captain?""","0:exponentContactJoin:Let VALTEIL join your fleet
1:exponentContactRelease:Go your separate ways",
#END PeaceValteil,,,,,,
#END WithoutLuddicFleet,,,,,,
#END CommLink,,,,,,
,,,,,,
# PostLuddicFight,,,,,,
ludEscort_afterDefeating,AfterNSPLuddicDefeat,,"$global.exponent_contactExponent = true
Call $global.exponent_ref updateData","Your sensors officer reports in a hushed voice no escape pods were detected leaving any of
the ships at any point.",0:luddicPostBattleHail:Answer the hail,
ludEscort_afterDefeatingContinue,DialogOptionSelected,"$option == luddicPostBattleHail
$global.exponent_contactExponent",ShowPersonVisual,"A silence falls upon your bridge, broken by a sudden transmission from the Exponent. ",0:exponentContactOne:Continue,
#END PostLuddicFight,,,,,,
#END TakeTheFight,,,,,,
,,,,,,
# ReturnPostFight,,,,,,
EBEbarOptionPostFight,AddBarEvents,NSPCheckPostFight,"AddBarEvent EBEbar_debrief ""Sit down with the knight."" ""At a corner table, you see a familiar knight, watching you expectantly."" luddicChurchColor",,,
EBEbar7,DialogOptionSelected,$option == EBEbar_debrief,,"The knight reaches for their cup, and try a tasting sip. The cup finds its place back on the table, slowly steaming.",EBEbar_reportDebriefOne:Report for debrief,
EBEbar8,DialogOptionSelected,$option == EBEbar_reportDebriefOne,ShowPersonVisual false exponent_KnightContact,"""The Church of Galactic Redemption, and I, thank you for this good deed. Certainly the Word will have great things to say about you.""

They turn their head, voice turning to a slight droll. ""Of course, you will be adequately compensated, and the Church cannot thank you enough for avenging its fallen faithful soldiers.""

They pause, then glance around the bar with a suspicious glare. Whatever they search for isn't found, to their apparent relief, and then lean in towards you with a low voice.

""There's something else, Captain.""
",EBEbar_reportDebriefTwo:Continue,
EBEbar9,DialogOptionSelected,$option == EBEbar_reportDebriefTwo,,"""Our fellow-soldiers were not the first the abomination had tricked. Many others it had seduced with a false face.""

They stare into your eyes.

""Material rewards aside. You deserve to know that.""","0:exponentEndHonesty:""I appreciate the honesty.""
1:exponentEndAskOne:""So, what was it? Really?""",Possibly hang an achievement to asking what it was
EBEbarEndAskOne,DialogOptionSelected,$option == exponentEndAskOne,,"""It was old. Very old. And not one of the automated demons that the Hegemony pretends doesn't exist anymore.""

They lead back into their seat, fire dimming in their weathered face.

""It would drift through space, find some poor souls foolish enough to repair it, then retreat back into the blackness of space when their attention wavered. Until now, it preferred pirates as its victims. After all, who would believe pirates?""

Their shoulders rise in a shrug.

""And then it chose us. The faithful, for its final deception. Why?""",0:exponentEndAskTwo:Continue,Possibly hang an achievement to asking what it was
EBEbarEndAskTwo,DialogOptionSelected,$option == exponentEndAskTwo,"$global.exponent_completed = true
Call $global.exponent_ref updateData","You have no answer. Neither does the knight. You both sit in silence, together just long enough for the knight to finish their cup of tea, eyes ever-distant in deep thought.

When the cup is empty, it is laid down like a bomb. The knight takes a deep breath, then looks to you with a weary smile.

""The Church thanks you, Captain. Safe travels.""",backToBar:Leave,Possibly hang an achievement to this
EBEbarEndHonesty,DialogOptionSelected,$option == exponentEndHonesty,"$global.exponent_completed = true
Call $global.exponent_ref updateData","They nod. You sit there as they drink the last of their tea; when their cup is empty, they simply stand up without a word and walk into the bar's busy crowds.

Gone.",backToBar:Leave,
#END ReturnPostFight,,,,,,
#END ExponentBarMission,,,,,,
,,,,,,
# legion MK1,,,,,,
nsp_legionMK1wreckDetailsFirstTime,ShowSalvageEntityDetails,"$customType == wreck
$nsp_legionWreck score:1000
!$encountered","ShowDefaultVisual
$encountered = true","The ancient war machine drifts, its hull battered and scarred by aeons-old war. Power signs are minimal.",,
nsp_legionMK1wreckDetailsFirstTimeAlt,ShowSalvageEntityDetails,"$customType == wreck
$nsp_legionWreck score:1000
!$encountered
PlayerFleetHasShipWithBaseHull onslaught_mk1","ShowDefaultVisual
$encountered = true","The ancient war machine drifts, its hull battered and scarred by aeons-old war. Power signs are minimal.",,
nsp_legionMK1wreckDetails,ShowSalvageEntityDetails,"$customType == wreck
$nsp_legionWreck score:1000",ShowDefaultVisual,An ancient lies before you. Waiting.,,
nsp_legionMK1exploredAlready,CheckSalvageSpecial,"$salvageSpecialData != null
$customType == wreck
$nsp_legionWreck score:1000",SalvageSpecialInteraction,An ancient lies before you. Waiting.,,
nsp_legionMK1exploreFirstTimeAlt,CheckSalvageSpecial,"$salvageSpecialData != null
$customType == wreck
$nsp_legionWreck score:1000
!$explored
PlayerFleetHasShipWithBaseHull onslaught_mk1","$explored = true
$global.nsp_foundLegionMK1 = true
$player.encounteredWeird = true","Initially shown as nothing more than a particularly metal rich asteroid by your sensors, the primary display in front of you quickly flickers between attempts to classify the dark, drifting hulk, before beeping in frustration and simply reporting ""UNKNOWN"". The shadowed mass before you requires no introduction by identification algorithms, however.

Chatter imbued with uncountable emotions almost instantly fills the bridge as the object comes within range of a spotlight. Your salvage chief allows themselves a moment of slackjawed staring before quickly barking hurried orders to salvage teams. Sensors rushes to put together a wireframe model of the object, the alien form rotating before you in all of its glory. There's a brief moment of silence as previously scurrying crew look to you.","nsp_legionMK1continue0Alt:""It's... a Mk.I version of the Legion.""",
nsp_legionMK1explore0Alt,DialogOptionSelected,$option == nsp_legionMK1continue0Alt,ShowImageVisual cache_large,"You're pulled from your emerging thoughts by the sudden exclamation of an alarm. The monitoring equipment placed on the Onslaught Mk.I's communications systems has been triggered.

Notifications and alerts flood through the screens of the sensors team's station, a flurry of signals being transmitted between the ancient Onslaught and Legion. Even from what little you can garner from your position, and judging by the fervent half-conversation of those working the station, it's the same data the Onslaught had once been sending aimlessly into the void. Now given another ship to receive it, and the Legion returning with the same, the two vessels converse in their own unknowable language. The tense minutes stretch on for what begins to feel like hours before, as abruptly as it had began, the communication between the two hulls ceases. There's one last burst of activity, this time one you and your crew can instantly recognize.

The Legion Mk.I has sent out a distress signal.",nsp_legionMK1continue1Alt:Continue,
nsp_legionMK1explore1Alt,DialogOptionSelected,$option == nsp_legionMK1continue1Alt,,"The panicked chatter between the sensors crew immediately stops, soon followed by the rest of the bridge falling silent. You watch in anticipation as the Legion's engines attempt in vain to ignite, only able to produce a small shower of sparks, before its hangar doors begin opening. Airlocks force themselves loose from a centuries-long slumber as the shuttle bay exposes itself in tandem, the entire vessel opening itself up to you, airless interiors now accessable to your crew. This far out into the Abyss, the implications of the distress call, now combined with the ship lowering its primitive defenses, can only mean one thing.

The venerable beast is asking you for help.","nsp_legionMK1continue2:""Send in the recovery teams.""",
nsp_legionMK1exploreFirstTime,CheckSalvageSpecial,"$salvageSpecialData != null
$customType == wreck
$nsp_legionWreck score:1000
!$explored","$explored = true
$global.nsp_foundLegionMK1 = true
$player.encounteredWeird = true","Initially shown as nothing more than a particularly metal rich asteroid by your sensors, the primary display in front of you quickly flickers between attempts to classify the dark, drifting hulk, before beeping in frustration and simply reporting ""UNKNOWN"". The shadowed mass before you requires no introduction by identification algorithms, however.

Chatter imbued with uncountable emotions almost instantly fills the bridge as the object comes within range of a spotlight. Your salvage chief allows themselves a moment of slackjawed staring before quickly barking hurried orders to salvage teams. Sensors rushes to put together a wireframe model of the object, the alien form rotating before you in all of its glory. There's a brief moment of silence as previously scurrying crew look to you.","nsp_legionMK1continue0:""It's... a Mk.I version of the Legion.""",
nsp_legionMK1explore0,DialogOptionSelected,$option == nsp_legionMK1continue0,ShowImageVisual cache_large,"Your thoughts slowly begin to drift as salvor teams are rallied and high-power scans run. Had you been asked a shift ago what you thought would be found at this location, the answers would vary; some long lost research facility, a trap set up by some forgotten black-ops unit, or more than likely nothing at all. The Onslaught Mk.I alone was an incredible find, and yet you've managed to reach further beyond- now stumbling upon a completely undocumented ancestor to the already venerable Legion.

You're dragged from your storming thoughts by your salvage chief clearing their throat. ""Salvor teams are prepared and awaiting your command, $playerSirOrMadam.""","nsp_legionMK1continue1:""Proceed.""",
nsp_legionMK1explore1,DialogOptionSelected,$option == nsp_legionMK1continue1,,"You watch as small open-frame shuttles emerge from your fleet and lumber their way towards the Legion MK.I, loaded down with salvage equipment and crew, autonomous drones moving in to assist like flies towards a corpse. Entry into the vessel is no easy task; airlock doors and service hatches stubbornly refuse to yield to the usual assortment of prying tools and cutting torches, the ancient vessel holding its ground against your attempts to breach it. Having to resort to a concerningly powerful assortment of breaching charges placed strategically on armored doors, your crew are finally able to access the innards of the ship after quite the difficult fight.",nsp_legionMK1continue2:Continue,
nsp_legionMK1explore2,DialogOptionSelected,$option == nsp_legionMK1continue2,ShowImageVisual salvor_explore_hull,"Entering the gargantuan hull, your salvor teams, and by extension you via their suit-mounted cameras, are greeted by an eerily familiar sight. Electromechanical tendrils wormed throughout the ship, clinging to interfaces long ago built for human hands, now shifted by time into an alien form. Those who were present during the Onslaught Mk.I's recovery describe the innards of the Legion Mk.I and its automation systems as 'rounder', though notably almost identical to the crude automation you'd seen before. Hours pass by as the broken systems of the ship are gradually repaired and returned to operating order, though their commanding automation remains silent.",nsp_legionMK1continue3:Continue,
nsp_legionMK1explore3,DialogOptionSelected,$option == nsp_legionMK1continue3,"AddTextSmall ""T H R E A T  D E T E C T E D"" bad","There's a sudden alert on the terminals of your sensors team, crew swiftly going to work taking reports from salvors and capturing what data they can. Acoustic sensors report faint tapping from the Legion's hull- at first in only one place, the ship's main sensor array, before spreading like a wave in a pond throughout the rest of the ship's crude automation, low-power radio transmissions the medium of terminals whispering among themselves in their own foreign language. One by one, the ancient vessel's systems come online, rallied by single string of characters from their centuries-long slumber.

That one signal, a call to arms you're unfortunately familiar with, permiates the hull of the ancient goliath.",nsp_legionMK1continue4:Continue,
nsp_legionMK1explore4,DialogOptionSelected,$option == nsp_legionMK1continue4,"AddTextSmall ""T H R E A T  D E T E C T E D"" bad","Salvors power down their tools as they rush to secure themselves to whatever sturdy-looking protrusions they can as the carrier's engines ignite, firing off halos of sparks into the endless black, followed by a violent equption of raging fire channeled through steeled nozzles. The carrier's crude, obsolete autoforge churns and roils as weapons rotate in their mounts, pointing off into the near-infinite darkness surrounding everything in the Abyss. Your own fleet's sensors begin to cry out in harmony with the Legion's alarm, orange-red glow underlining your sensors crew as the rest rush to their battle stations. 

One string of letters, repeated, your only indication that you're no longer alone in the starless void.",nsp_legionMK1continue5:Continue,
nsp_legionMK1explore5,DialogOptionSelected,$option == nsp_legionMK1continue5,"AddTextSmall ""T H R E A T  D E T E C T E D"" bad
$player.hasThreatDetectionSensorMods = true
nsp_spawnThreatFleet ""legion""
SalvageSpecialInteraction","The Legion Mk.I suddenly lurches, tired and overused engines and maneuvering thrusters pushing the massive armored beast for the first time in centuries. Low-power radio transmissions still filling the corridors of the vessel with their own incomprehensible whispers, tapping of ancient solenoids and electromechanical components willing the ship to operate without the crew it was intended to serve. The vessel comes into formation with your own fleet, positioning itself alongside your flagship.

One singular transmission sent out from its hull, the ancient prepared to fight alongside you.",100:defaultLeave:Continue,
#END legion MK1,,,,,,
,,,,,,
# dominator MK1,,,,,,
nsp_dominatorMK1wreckDetailsFirstTime,ShowSalvageEntityDetails,"$customType == wreck
$nsp_dominatorWreck score:1000
!$encountered","ShowDefaultVisual
$encountered = true","The ancient war machine drifts, its hull battered and scarred by aeons-old war. Power signs are minimal.",,
nsp_dominatorMK1wreckDetailsFirstTimeAlt,ShowSalvageEntityDetails,"$customType == wreck
$nsp_dominatorWreck score:1000
!$encountered
PlayerFleetHasShipWithBaseHull onslaught_mk1","ShowDefaultVisual
$encountered = true","The ancient war machine drifts, its hull battered and scarred by aeons-old war. Power signs are minimal.",,
nsp_dominatorMK1wreckDetails,ShowSalvageEntityDetails,"$customType == wreck
$nsp_dominatorWreck score:1000",ShowDefaultVisual,An ancient lies before you. Waiting.,,
nsp_dominatorMK1exploredAlready,CheckSalvageSpecial,"$salvageSpecialData != null
$customType == wreck
$nsp_dominatorWreck score:1000",SalvageSpecialInteraction,An ancient lies before you. Waiting.,,
nsp_dominatorMK1exploreFirstTimeAlt,CheckSalvageSpecial,"$salvageSpecialData != null
$customType == wreck
$nsp_dominatorWreck score:1000
!$explored
PlayerFleetHasShipWithBaseHull onslaught_mk1","$explored = true
$global.nsp_foundDominatorMK1 = true
$player.encounteredWeird = true","Your sensors are only able to identify the drifting mass before you as a particularly large piece of shattered debris, some part of a station's hab-module or defensive emplacement. The silhouette floating in the infinite darkness of the Abyss only resembling aimless twisted metal... until it comes within range of a spotlight, your sensors crew pulling together a wireframe model of the object. Only then does recognition begin to stir in your mind, the previously unidentifiable shape before you now revealed to be much more than scrap.

The soundscape within your bridge quickly shifts from the background noise of normal operations to a silence so suffocating you can hear the rattling of a loose ventilation duct cover. Some crew stare slackjawed out the broad command center windows, while others repeatedly check their terminals for errors- you can even catch a glimpse of an assistant pinching themselves on the arm.

After a moment, a number of heads turn in your direction, seeking guidance from their captain.","nsp_dominatorMK1continue0Alt:""It looks like... a Mk.I version of the Dominator.""",
nsp_dominatorMK1explore0Alt,DialogOptionSelected,$option == nsp_dominatorMK1continue0Alt,ShowImageVisual cache_large,"There's hardly time for you to consider what could have caused such extensive damage to this vessel, an alert suddenly appearing on the scratched terminal screen in front of you. Sensors crew scramble to compose themselves as a familiar stream of data crosses their screens- the Onslaught Mk.I's unanswered calls into the void, now directed to the heavily damaged Dominator Mk.I in front of you. 

Streams of binary data cross the short gap of void between the two ancients, yet only one speaks. Your sensors crew can pick out faint whispers- chunks of corrupted, barely detectable data packets occasionally worming their way out from the Dominator Mk.I, labored responses from dying equipment in the ship's mutilated hull. The Onslaught Mk.I slowly goes silent as calls go unanswered, radio transmitters quieting after one last burst of activity.

A distress signal. The ancient battleship asking you to revive its fallen soldier.","nsp_dominatorMK1continue1Alt:""Run high-power scans. I want a recovery report.""",
nsp_dominatorMK1explore1Alt,DialogOptionSelected,$option == nsp_dominatorMK1continue1Alt,,"Your sensors officer salutes before turning to their terminal, the rest of the crew at the station already preparing scans and models. The damage to the Dominator Mk.I is extensive- heavy weapon impacts scar its hull, one of its disposable armor modules entirely missing, the other hanging on by threads. Weapon mounts have taken heavy fire, barrels of its Devastator cannons snapped off and mutilated. The ship's engines are coated by burn marks and patches of melted material, a signature indicator of having been pushed beyond their limit.

The most concerning of the battle damage is that which is unexplainable. Entire portions of armor plating and hull underneath are entirely missing, surgically removed in unpredictable chunks by some unknown force. The damage patterns are too clean to have been any laser, exposed uncorroded metal ruling out chemical weapons, perfect round edges excluding the possibility of explosives. It's as if pieces of the ship were deliberately stripped off and scrapped, but what could have done so this far into the Abyss? You don't have time to ponder the question, as your salvage chief looks to you and clears their throat, Tri-pad in hand.

""$PlayerSirOrMadam, we believe it's recoverable.""",nsp_dominatorMK1continue2:Continue,
nsp_dominatorMK1exploreFirstTime,CheckSalvageSpecial,"$salvageSpecialData != null
$customType == wreck
$nsp_dominatorWreck score:1000
!$explored","$explored = true
$global.nsp_foundDominatorMK1 = true
$player.encounteredWeird = true","Your sensors are only able to identify the drifting mass before you as a particularly large piece of shattered debris, some part of a station's hab-module or defensive emplacement. The silhouette floating in the infinite darkness of the Abyss only resembling aimless twisted metal... until it comes within range of a spotlight, your sensors crew pulling together a wireframe model of the object. Only then does recognition begin to stir in your mind, the previously unidentifiable shape before you now revealed to be much more than scrap.

The soundscape within your bridge quickly shifts from the background noise of normal operations to a silence so suffocating you can hear the rattling of a loose ventilation duct cover. Some crew stare slackjawed out the broad command center windows, while others repeatedly check their terminals for errors- you can even catch a glimpse of an assistant pinching themselves on the arm.

After a moment, a number of heads turn in your direction, seeking guidance from their captain.","nsp_dominatorMK1continue0:""It looks like... a Mk.I version of the Dominator.""",
nsp_dominatorMK1explore0,DialogOptionSelected,$option == nsp_dominatorMK1continue0,ShowImageVisual cache_large,"Anxious murmuring slowly breaks loose the silence within your bridge. The metallic form before you so heavily damaged in so many ways, it makes even you wonder what could have possibly wrought such destruction upon a vessel as rugged in design as this primitive Dominator. Your sensors crew needs only to read your expression to rush to work, running high-power sweepscans and bringing together a detailed model for analysis.

Cannon barrels lay twisted and broken, one of the ship's disposable armor plates entirely missing, the other haphazardly splattered with impacts and pierced holes. Engines are scarred by burns and portions of melted components, a clear sign of being pushed well beyond their limits. Damage patterns even suggest the ship suffered a high-speed collision with a hard object- perhaps the hull of a ship.",nsp_dominatorMK1continue1:Continue,
nsp_dominatorMK1explore1,DialogOptionSelected,$option == nsp_dominatorMK1continue1,,"Most concerning however, is the damage that your crew cannot identify. Significant chunks of armor plating and underlying hull have been stripped with unnerving precision- more smooth than any weapon impact you've seen. The metal below these missing portions is clean, uncorroded, nearly polished- far too clean for any explosive, laser, or even some form of acid based weapon. It appears almost as if pieces of the hull were cleanly stripped, yet the burn marks around conduits left exposed suggest the ship was active, and in fact at combat power, during this process. 

Crew look amongst themselves with nervous expressions, your salvage chief making hand movements said by old spacer superstition to be a seal of protection.","nsp_dominatorMK1continue2:""Send in the salvor teams.""",
nsp_dominatorMK1explore2,DialogOptionSelected,$option == nsp_dominatorMK1continue2,ShowImageVisual salvor_explore_hull,"You watch as open-vacuum shuttles and salvage drones approach the drifting wreck, trundling through the suffocating darkness of the Abyss. Never before had lightless vacuum felt so thick, until you and your crew made that fateful voyage out chasing sensor ghosts, out finding what went bump in the night those 200 cycles ago. The irony is something not lost upon you, how you've repeated the same chase again. At least, this time, it isn't on the leash of some academia or corporation.

Your thoughts are interrupted by the dull click of shuttle anchors against bare metal, relayed from the salvagers' cameras to your main display. Entry into the vessel is no difficult task, numerous breaches throughout its hull making entry a trivial process. Salvors mumble among themselves, the interior of the ship revealing itself in structure both alien and not- familiar control consoles once manipulated by human hands, now overtaken by the same electromechanical infestation you've come to know.",nsp_dominatorMK1continue3:Continue,
nsp_dominatorMK1explore3,DialogOptionSelected,$option == nsp_dominatorMK1continue3,,"Tendrils of steel and wire wrap themselves through corridors and around every station once manned by the vessel's brave crew, a form of automation so incredibly primitive it surprises you that the vessels hosting it can even navigate- let alone hold their own in combat. Those among the salvor crew present during the Onslaught Mk.I's exploration remark of the automation seeming 'sharper', and you can't help but agree- something about this vessel emanates a sort of malice, malevolence you can't describe even to yourself.

You overhear one salvor in particular swearing to their team they had heard the vessel itself growl at them, upon bumping into an exposed conduit. Others traverse the hull with hands closer than is usual to the few sidearms they carry, a general sense of anxious unease perforating the comm channels. Lucky charms are held close to chests in tightly clenched fists, seals of protection made with brief somatic movements among the more superstitious.",nsp_dominatorMK1continue4:Continue,
nsp_dominatorMK1explore4,DialogOptionSelected,$option == nsp_dominatorMK1continue4,"AddTextSmall ""T H R E A T  D E T E C T E D"" bad","Recovery of the vessel is a laborious process. So many systems damaged or destroyed, connections between electromechanical components severed or shorted, the ship's reactor cold and dead for centuries. The stars have blessed you with great fortune though, it seems; enough remains of the vessel's data stores to reconstruct something abstractly describable as a blueprint. Still demanding much jury-rigging and patchwork from your crew, but just barely making the prospect of restarting the venerable monster more than a distant fantasy. 

Eventually, though, the beast does indeed wake from its previously eternal slumber. The moment the reactor is jumpstarted, low-power radio signals fill the hull with a warhorn song, tapping of solenoids against control panels louder than before observed nearly overburdening the sensitive acoustic monitors. Salvors barely have time to secure themselves to bulkheads, or whatever similar sturdy-looking protrusions they can find, before the Dominator Mk.I's engines roar back to life. Familiar signals and half-orchestrated clicks forming a choir of one repeated message...",nsp_dominatorMK1continue5:Continue,
nsp_dominatorMK1explore5,DialogOptionSelected,$option == nsp_dominatorMK1continue5,"AddTextSmall ""T H R E A T  D E T E C T E D"" bad","Your bridge crew hardly has time to react to the vessel's sudden awakening, fleet command scrambling to send a command to the Dominator Mk.I to stand down and take formation with the fleet. The ship seems to almost hesitate for a moment, engines and maneuvering thrusters going quiet, before the ancient automation complies with the command. Salvors are hurriedly packed into shuttles and evacuated, tools left behind in the half-repaired hull while there is still time. Flurries of signals are sent between the repaired electromechanical parts, one singular war cry scattered among the entire vessel.",nsp_dominatorMK1continue6:Continue,
nsp_dominatorMK1explore6,DialogOptionSelected,$option == nsp_dominatorMK1continue6,"AddTextSmall ""T H R E A T  D E T E C T E D"" bad
$player.hasThreatDetectionSensorMods = true
nsp_spawnThreatFleet ""dominator""
SalvageSpecialInteraction","There's a startling alert from your sensor crew's terminals, a halo of orange light underlining the station and those manning it. Fourteen letters, two words, and one united voice, your ship's own detection equipment now crying out in unison with the Dominator Mk.I's call to arms. And indeed, both the ancient and your own vessel point to the same seemingly empty section of abyssal space, a signal now repeated by all in this forsaken slice of starless black indicating you're no longer alone.",100:defaultLeave:Continue,
#END dominator MK1,,,,,,
,,,,,,
"# Deep-space signals quest, pops up with slaught MK1 in fleet after semi-random number of days ??? should only happen if player has mk1 in their fleet and hasn't recovered both other ships.",,,,,,
nsp_deepSpaceSignalsPopup1,nsp_deepSpaceSignalsPopup,,,"One of your bridge crew approaches you, nerviously clearing their throat to draw your attention. ""$PlayerSirOrMadam, the report you ordered is ready. About the olds- Onslaught Mk.I's... movements.""

Since being integrated into your fleet, the Onslaught Mk.I has displaying anomalous behavior. Turning and pointing in seemingly random directions when idle, leaving space for a ship not present during maneuvers, sending encrypted data over comms to nothing in particular. Your concerns were proven more than simple paranoia when the ship began moving on its own, wandering from formation before being noticed and swiftly ordered back into place, a command it followed as if it hadn't just been maneuvering by itself just mere seconds ago. Since that incident, the vessel has been under closer observation- and it seems your crew may have finally made a breakthrough.",0:nsp_deepSpaceSignalsPopup2:Continue,
nsp_deepSpaceSignalsPopup2,DialogOptionSelected,$option == nsp_deepSpaceSignalsPopup2,,"You extend your hand, and quickly presented to you is a Tri-Pad. A full report, pages and pages worth of data and observations condensed down into only a few paragraphs for your own review. As your eyes move across the neatly arranged lines of text, the assistant begins to speak again.

""Sensors has been trying to decrypt the data transmissions- it's a step away from nonsense, but there is a pattern. We think it's telemetry data, the kind that automated ships broadcast to each other. And the movements- Nav has been going through logs, every time the ship moved on its own. We all thought it was random, some kind of malfunction, a gyroscope error or some flaw in its piloting, but- it's been pointing at two spots, every single time, without fail. A-at the bottom of the page, there, we noted down the coordinates-"" She trails off, eyes wandering around the bridge, her body language straying from formal into the realm of anxiety.",0:nsp_deepSpaceSignalsPopup3:Continue,
nsp_deepSpaceSignalsPopup3,DialogOptionSelected,$option == nsp_deepSpaceSignalsPopup3,nsp_addViableMK1Intel,"Your attention is briefly drawn away from the report by anxious murmuring. Your head turns, and the crew now in your eyeline quickly straighten up and return to their work, the sound of boots shuffling against the metal flooring of the bridge spreading as others realize that you can, in fact, hear them. Your attention returns to the report, eyes running over the last line left unread- aforementioned triangulated locations. The reason for your crew's apprehension quickly becomes clear as you recognize the implications of these coordinates.

They're in the Abyss.",100:defaultLeave:Continue,
,,,,,,
,,,,,,
,,,,,,
,,,,,,
,,,,,,
,,,,,,
nsp_habplanet_openDialogFirst1,OpenInteractionDialog,"$id == nsp_habplanet score:10000
$hasDefenders
!$nsp_visitedhabplanet","ShowImageVisual abandoned_station
",test 1,0:nsp_habplanet_openDialogFirst2:Begin salvage operations,
nsp_habplanet_openDialogFirst2,DialogOptionSelected,$option == nsp_habplanet_openDialogFirst2,,test 2,0:nsp_habplanet_openDialogFirst3:Continue,
nsp_habplanet_openDialogFirst3,DialogOptionSelected,$option == nsp_habplanet_openDialogFirst3,,test 3,0:nsp_habplanet_openDialogFirst4:Continue,
nsp_habplanet_openDialogFirst4,DialogOptionSelected,$option == nsp_habplanet_openDialogFirst4,"SalvageDefenderInteraction
$nsp_visitedStation = true",test 4,,
,,,,,,
nsp_habplanet_openDialogPost,OpenInteractionDialog,"$id == nsp_habplanet score:1000
$hasDefenders
$nsp_visitedhabplanet",SalvageDefenderInteraction,"The pristine station spins idly in front of you. Just behind it, its fleet of guard ships sits, so steady in their watch you'd think them disabled if it weren't for their targeting systems actively scanning you.",,
,,,,,,
nsp_habplanetBeatDefendersContinue1,BeatDefendersContinue,$id == nsp_habplanet,,The defenders are destroyed.,0:nsp_habplanetBeatDefendersContinue2:Send your teams down.,
nsp_habplanetBeatDefendersContinue2,DialogOptionSelected,$option == nsp_habplanetBeatDefendersContinue2,FireBest MarketPostOpen,"The planet, and whatever riches might lie below, wait for you.",100:defaultLeave:Take this moment of respite.,
,,,,,,
,,,,,,
,,,,,,
nsp_manufacturingcenter_openDialogFirst1,OpenInteractionDialog,"$id == nsp_manufacturingcenter score:10000
$hasDefenders
!$nsp_visitedmanufacturingcenter","ShowImageVisual abandoned_station
","Scans indicate this habitat is in unusually well-preserved condition despite its abandoned state. There is little evidence of disrepair, parts cannibalization, or even electromagnetic scoring from the nearby stellar body; it appears that even the original paintjob has survived its years in isolation.",0:nsp_habplanet_openDialogFirst2:Begin salvage operations,
nsp_manufacturingcenter_openDialogFirst2,DialogOptionSelected,$option == nsp_manufacturingcenter_openDialogFirst2,,"There is an unusual delay before salvage operations can commence. Helmet vis-IDs streaming to the bridge indicate an uptick in nervousness amongst your salvors; old spacer wisdom and salvor's tales speak quite ill of the consequences for disturbing uniquely pristine Domain-era finds. Superstition aside, dangerous operations are only made more fraught by unknown variables, and you find your own heart beating just a tick faster than before.",0:nsp_habplanet_openDialogFirst3:Continue,
nsp_manufacturingcenter_openDialogFirst3,DialogOptionSelected,$option == nsp_manufacturingcenter_openDialogFirst3,,"A bark over comms from your operations chief (and a subtle hint at increased hazard pay) and the salvors are on the move. There is no need for demolitions - the station's fully functional airlocks open smoothly to allow entry, and salvors find easily-accessible cargo holds packed with supplies and valuable materials still sealed in their mag-locked cargo containers. You watch incredulously as the first of the containers is scanned for its inventory manifest - but are cut short as alarms suddenly blare both within the station and aboard the bridge.",0:nsp_habplanet_openDialogFirst4:Continue,
nsp_manufacturingcenter_openDialogFirst4,DialogOptionSelected,$option == nsp_manufacturingcenter_openDialogFirst4,"SalvageDefenderInteraction
$nsp_visitedStation = true","Ops sounds an immediate emergency evacuation to the salvage team, while your sensors chief begins shouting about energy signatures matching shield and weapon systems activating all over the station. From behind the station's (now understood to be shielded) aft shuttle docks, a fleet of Domain Explorarium drones emerges, burning hard to intercept the fleet.",,
,,,,,,
nsp_manufacturingcenter_openDialogPost,OpenInteractionDialog,"$id == nsp_manufacturingcenter score:1000
$hasDefenders
$nsp_visitedmanufacturingcenter",SalvageDefenderInteraction,"The pristine station spins idly in front of you. Just behind it, its fleet of guard ships sits, so steady in their watch you'd think them disabled if it weren't for their targeting systems actively scanning you.",,
,,,,,,
nsp_manufacturingcenterBeatDefendersContinue1,BeatDefendersContinue,$id == nsp_manufacturingcenter,,The defenders are destroyed.,0:nsp_habplanetBeatDefendersContinue2:Send your teams down.,
nsp_manufacturingcenterBeatDefendersContinue2,DialogOptionSelected,$option == nsp_manufacturingcenterBeatDefendersContinue2,FireBest MarketPostOpen,"The planet, and whatever riches might lie below, wait for you.",100:defaultLeave:Take this moment of respite.,
,,,,,,
,,,,,,
nsp_manufacturingcenter2_openDialogFirst1,OpenInteractionDialog,"$id == nsp_manufacturingcenter2 score:10000
$hasDefenders
!$nsp_visitedmanufacturingcenter2","ShowImageVisual abandoned_station
","Scans indicate this habitat is in unusually well-preserved condition despite its abandoned state. There is little evidence of disrepair, parts cannibalization, or even electromagnetic scoring from the nearby stellar body; it appears that even the original paintjob has survived its years in isolation.",0:nsp_habplanet_openDialogFirst2:Begin salvage operations,
nsp_manufacturingcenter2_openDialogFirst2,DialogOptionSelected,$option == nsp_manufacturingcenter2_openDialogFirst2,,"There is an unusual delay before salvage operations can commence. Helmet vis-IDs streaming to the bridge indicate an uptick in nervousness amongst your salvors; old spacer wisdom and salvor's tales speak quite ill of the consequences for disturbing uniquely pristine Domain-era finds. Superstition aside, dangerous operations are only made more fraught by unknown variables, and you find your own heart beating just a tick faster than before.",0:nsp_habplanet_openDialogFirst3:Continue,
nsp_manufacturingcenter2_openDialogFirst3,DialogOptionSelected,$option == nsp_manufacturingcenter2_openDialogFirst3,,"A bark over comms from your operations chief (and a subtle hint at increased hazard pay) and the salvors are on the move. There is no need for demolitions - the station's fully functional airlocks open smoothly to allow entry, and salvors find easily-accessible cargo holds packed with supplies and valuable materials still sealed in their mag-locked cargo containers. You watch incredulously as the first of the containers is scanned for its inventory manifest - but are cut short as alarms suddenly blare both within the station and aboard the bridge.",0:nsp_habplanet_openDialogFirst4:Continue,
nsp_manufacturingcenter2_openDialogFirst4,DialogOptionSelected,$option == nsp_manufacturingcenter2_openDialogFirst4,"SalvageDefenderInteraction
$nsp_visitedStation = true","Ops sounds an immediate emergency evacuation to the salvage team, while your sensors chief begins shouting about energy signatures matching shield and weapon systems activating all over the station. From behind the station's (now understood to be shielded) aft shuttle docks, a fleet of Domain Explorarium drones emerges, burning hard to intercept the fleet.",,
,,,,,,
nsp_manufacturingcenter2_openDialogPost,OpenInteractionDialog,"$id == nsp_manufacturingcenter2 score:1000
$hasDefenders
$nsp_visitedmanufacturingcenter2",SalvageDefenderInteraction,"The pristine station spins idly in front of you. Just behind it, its fleet of guard ships sits, so steady in their watch you'd think them disabled if it weren't for their targeting systems actively scanning you.",,
,,,,,,
nsp_manufacturingcenter2BeatDefendersContinue1,BeatDefendersContinue,$id == nsp_manufacturingcenter2,,The defenders are destroyed.,0:nsp_habplanetBeatDefendersContinue2:Send your teams down.,
nsp_manufacturingcenter2BeatDefendersContinue2,DialogOptionSelected,$option == nsp_manufacturingcenter2BeatDefendersContinue2,FireBest MarketPostOpen,"The planet, and whatever riches might lie below, wait for you.",100:defaultLeave:Take this moment of respite.,
,,,,,,
,,,,,,
,,,,,,
nsp_fueldepot_openDialogFirst1,OpenInteractionDialog,"$id == nsp_fueldepot score:10000
$hasDefenders
!$nsp_visitedfueldepot","ShowImageVisual abandoned_station
","Scans indicate this habitat is in unusually well-preserved condition despite its abandoned state. There is little evidence of disrepair, parts cannibalization, or even electromagnetic scoring from the nearby stellar body; it appears that even the original paintjob has survived its years in isolation.",0:nsp_habplanet_openDialogFirst2:Begin salvage operations,
nsp_fueldepot_openDialogFirst2,DialogOptionSelected,$option == nsp_fueldepot_openDialogFirst2,,"There is an unusual delay before salvage operations can commence. Helmet vis-IDs streaming to the bridge indicate an uptick in nervousness amongst your salvors; old spacer wisdom and salvor's tales speak quite ill of the consequences for disturbing uniquely pristine Domain-era finds. Superstition aside, dangerous operations are only made more fraught by unknown variables, and you find your own heart beating just a tick faster than before.",0:nsp_habplanet_openDialogFirst3:Continue,
nsp_fueldepot_openDialogFirst3,DialogOptionSelected,$option == nsp_fueldepot_openDialogFirst3,,"A bark over comms from your operations chief (and a subtle hint at increased hazard pay) and the salvors are on the move. There is no need for demolitions - the station's fully functional airlocks open smoothly to allow entry, and salvors find easily-accessible cargo holds packed with supplies and valuable materials still sealed in their mag-locked cargo containers. You watch incredulously as the first of the containers is scanned for its inventory manifest - but are cut short as alarms suddenly blare both within the station and aboard the bridge.",0:nsp_habplanet_openDialogFirst4:Continue,
nsp_fueldepot_openDialogFirst4,DialogOptionSelected,$option == nsp_fueldepot_openDialogFirst4,"SalvageDefenderInteraction
$nsp_visitedStation = true","Ops sounds an immediate emergency evacuation to the salvage team, while your sensors chief begins shouting about energy signatures matching shield and weapon systems activating all over the station. From behind the station's (now understood to be shielded) aft shuttle docks, a fleet of Domain Explorarium drones emerges, burning hard to intercept the fleet.",,
,,,,,,
nsp_fueldepot_openDialogPost,OpenInteractionDialog,"$id == nsp_fueldepot score:1000
$hasDefenders
$nsp_visitedmanufacturingcenter",SalvageDefenderInteraction,"The pristine station spins idly in front of you. Just behind it, its fleet of guard ships sits, so steady in their watch you'd think them disabled if it weren't for their targeting systems actively scanning you.",,
,,,,,,
nsp_fueldepotBeatDefendersContinue1,BeatDefendersContinue,$id == nsp_fueldepot,,The defenders are destroyed.,0:nsp_habplanetBeatDefendersContinue2:Send your teams down.,
nsp_fueldepotBeatDefendersContinue2,DialogOptionSelected,$option == nsp_fueldepotBeatDefendersContinue2,FireBest MarketPostOpen,"The planet, and whatever riches might lie below, wait for you.",100:defaultLeave:Take this moment of respite.,
,,,,,,
,,,,,,
,,,,,,
nsp_fringeworld_openDialogFirst1,OpenInteractionDialog,"$id == nsp_fringeworld score:10000
$hasDefenders
!$nsp_visitedfringeworld","ShowImageVisual abandoned_station
","Scans indicate this habitat is in unusually well-preserved condition despite its abandoned state. There is little evidence of disrepair, parts cannibalization, or even electromagnetic scoring from the nearby stellar body; it appears that even the original paintjob has survived its years in isolation.",0:nsp_habplanet_openDialogFirst2:Begin salvage operations,
nsp_fringeworld_openDialogFirst2,DialogOptionSelected,$option == nsp_fringeworld_openDialogFirst2,,"There is an unusual delay before salvage operations can commence. Helmet vis-IDs streaming to the bridge indicate an uptick in nervousness amongst your salvors; old spacer wisdom and salvor's tales speak quite ill of the consequences for disturbing uniquely pristine Domain-era finds. Superstition aside, dangerous operations are only made more fraught by unknown variables, and you find your own heart beating just a tick faster than before.",0:nsp_habplanet_openDialogFirst3:Continue,
nsp_fringeworld_openDialogFirst3,DialogOptionSelected,$option == nsp_fringeworld_openDialogFirst3,,"A bark over comms from your operations chief (and a subtle hint at increased hazard pay) and the salvors are on the move. There is no need for demolitions - the station's fully functional airlocks open smoothly to allow entry, and salvors find easily-accessible cargo holds packed with supplies and valuable materials still sealed in their mag-locked cargo containers. You watch incredulously as the first of the containers is scanned for its inventory manifest - but are cut short as alarms suddenly blare both within the station and aboard the bridge.",0:nsp_habplanet_openDialogFirst4:Continue,
nsp_fringeworld_openDialogFirst4,DialogOptionSelected,$option == nsp_fringeworld_openDialogFirst4,"SalvageDefenderInteraction
$nsp_visitedStation = true","Ops sounds an immediate emergency evacuation to the salvage team, while your sensors chief begins shouting about energy signatures matching shield and weapon systems activating all over the station. From behind the station's (now understood to be shielded) aft shuttle docks, a fleet of Domain Explorarium drones emerges, burning hard to intercept the fleet.",,
,,,,,,
nsp_fringeworld_openDialogPost,OpenInteractionDialog,"$id == nsp_fringeworld score:1000
$hasDefenders
$nsp_visitedfringeworld",SalvageDefenderInteraction,"The pristine station spins idly in front of you. Just behind it, its fleet of guard ships sits, so steady in their watch you'd think them disabled if it weren't for their targeting systems actively scanning you.",,
,,,,,,
nsp_fringeworldBeatDefendersContinue1,BeatDefendersContinue,$id == nsp_fringeworld,,The defenders are destroyed.,0:nsp_habplanetBeatDefendersContinue2:Send your teams down.,
nsp_fringeworldBeatDefendersContinue2,DialogOptionSelected,$option == nsp_fringeworldBeatDefendersContinue2,FireBest MarketPostOpen,"The planet, and whatever riches might lie below, wait for you.",100:defaultLeave:Take this moment of respite.,
"#END Deep-space signals quest, pops up with slaught MK1 in fleet after semi-random number of days ??? should only happen if player has mk1 in their fleet and hasn't recovered both other ships.",,,,,,
,,,,,,
# Galatia Academy SAFEGUARD stuff,,,,,,
nsp_galatiaSafeguardOpen1,OpenInteractionDialog,"$id == station_galatia_academy score:10000
$player.metBaird
!$nsp_safeguardNotify
nsp_displaySafeguardPicker CHECK","$nsp_safeguardNotify = true
nsp_addPersonToComms ""nsp_phos""","Upon approaching Galatia Academy, you receive a comm??? oh I can't write, just do the dialog.",0:nsp_galatiaSafeguardOpen2:Accept the comms request,
nsp_galatiaSafeguardOpen2,DialogOptionSelected,$option == nsp_galatiaSafeguardOpen2,ShowPersonVisual true sebestyen,"""Captain!"" Sebestyen's usual energy bounces out of the comms.

""I have a new - that is to say, there's a new - not new, but, new to you, an Academician would like to meet you,"" he seemingly fumbles with something off-screen. ""Academician Phos Morganthal, who works in the - ah, um,"" Sebestyen lowers his voice, or attempts to.

""They work in the AI Defense Studies Department... that one isn't, um, very popular to talk about these days, I'm sure you can... guess,"" he readjusts himself. ""Ahem, um. His office is open, if you want to go see him, or call him and tell him you'll see him. Or won't.""","0:nsp_galatiaSafeguardOpen3:""Thank you.""",
nsp_galatiaSafeguardOpen3,DialogOptionSelected,$option == nsp_galatiaSafeguardOpen3,"FireBest GAPostOpen
ShowDefaultVisual
AddTextSmall ""person now available for contact."" highlight",,,
,,,,,,
nsp_phosCommsFirstOpen1,PickGreeting,"$id == nsp_phos score:10000
!$nsp_phosFirst","BeginConversation nsp_phos
$nsp_phosFirst = true","Walking down a wider corridor of the Academy's staff section with a couple of your technical officers, you see Phos waiting outside his office.",0:nsp_phosCommsFirstOpen2:Continue,
nsp_phosCommsFirstOpen2,DialogOptionSelected,$option == nsp_phosCommsFirstOpen2,,"""Captain! I've already looked over much of the models, and I can see some notable patterns and defects in the hulls, if you'll join me, we can go over them!""
???
After bracing yourself and stepping into the office, you and your retinue sit down, prompting Phos to begin excitedly explaining and dissecting the holographic model hovering over his desk. About a half-hour into pointing out very minute details about the hull - some of which you had already seen, others that had never occurred to you - he starts to sidetrack.","0:nsp_phosCommsFirstOpen3a:Let him.
10:nsp_phosCommsFirstOpen3b:Attempt to interrupt him.",
nsp_phosCommsFirstOpen3a,DialogOptionSelected,$option == nsp_phosCommsFirstOpen3a,,"The officers accompanying you seem split. One is eagerly listening to the lively droning, the other looks as though they'd fall asleep on the spot if they could get away with it.

""So, the Fourteenth clearly made these hulls. There's the livery, of course, but the modifications to the underlying superstructure and armor plating confirm it. Naturally, though, these weren't originally automated. You can see here that a majority of the human-intended spaces remain. The most interesting, and I would dare to say impressive aspect of it, though, is the retrofits that have been made to the bridge and it's superstructure. While undeniably ad-hoc in nature, the housing for the,"" Briefly, he quiets himself, ""Core, of the ship, is near-seamlessly integrated into the structure around it. Furthermore, the neccessary infrastructure to allow control of the ship, which would have obviously been lacking in the original designs, has been implemented--here, here, and here."" Phos notes, pointing to different places in the hologram, which glow for further emphasis.",0:nsp_phosCommsFirstOpen4:Continue,
nsp_phosCommsFirstOpen3b,DialogOptionSelected,$option == nsp_phosCommsFirstOpen3b,,"The officers accompanying you seem split. One is eagerly listening to the lively droning, the other looks as though they'd fall asleep on the spot if they could get away with it.

""So, the Fourteenth clearly made these hulls. There's the livery, of course, but the modifications to the underlying superstructure and armor plating confirm it. Naturally, though, these weren't originally automated. You can see here that a majority of the human-intended spaces remain. The most interesting, and I would dare to say impressive aspect of it, though, is the retrofits that have been made to the bridge and it's superstructure. While undeniably ad-hoc in nature, the housing for the,"" Briefly, he quiets himself, ""Core, of the ship, is near-seamlessly integrated into the structure around it. Furthermore, the neccessary infrastructure to allow control of the ship, which would have obviously been lacking in the original designs, has been implemented--here, here, and here."" Phos notes, pointing to different places in the hologram, which glow for further emphasis.",0:nsp_phosCommsFirstOpen4:Continue,
nsp_phosCommsFirstOpen4,DialogOptionSelected,$option == nsp_phosCommsFirstOpen4,FireAll nsp_phosOptions,"""So, that means our own little slice of Domain - the Hegemony - was responsible. Surely you see the irony in it all, captain? When we got raided after the Kallichore Affair, they considered taking me away and shuttering our department, though I had only recently become a member, at the time. They... eh. Nevermind. Anyways, I won't press into where you got these or how, but--I'd love to hear about it, sometime! I'm sure that it'd make a great story, ahah!""",,
nsp_phosCommsOpen,PickGreeting,"$id == nsp_phos score:10000
$nsp_phosFirst","BeginConversation nsp_phos
nsp_phosCheckStashedHulls
FireAll nsp_phosOptions","after first time, no hull is ready. Use rulecmd to check if player has hull in processing, then display needed time.",,
nsp_phosCommsOpenSafeguard,PickGreeting,"$id == nsp_phos score:10001
$nsp_safeguardHullHolding
!$global.nsp_safeguardWaitDays","BeginConversation nsp_phos
nsp_displaySafeguardPicker RETRIEVE
$nsp_safeguardHullHolding = false
$global.nsp_safeguardRestored = true
FireAll nsp_phosOptions
AddTextSmall ""Safeguard hulls are now restorable.""",Open a Comm Link.,,
nsp_phosCommsOpenAutoship,PickGreeting,"$id == nsp_phos score:10001
$nsp_automatedHullHolding
!$global.nsp_automatedWaitDays","BeginConversation nsp_phos
nsp_displayAutomatedPicker ""RETRIEVE""
$nsp_automatedHullHolding = false
$global.nsp_safeguard = true
FireAll nsp_phosOptions",Open a Comm Link.,,
,,,,,,
nsp_phosSafeguard,nsp_phosOptions,"!$global.nsp_safeguardRestored
!$nsp_safeguardHullHolding",,Offer Safeguard hull for transfer.,0:nsp_phosSafeguardMenu:Look over the data on your TriPad.,
nsp_phosAutomation,nsp_phosOptions,"$global.nsp_safeguardRestored
!$nsp_automatedHullHolding",,"With the data gleamed from Taskforce Safeguard, you can now apply the information learned in the process of optimizing other automated hulls.",30:nsp_phosAutomationMenu:Look over the data on your TriPad.,
nsp_phosAIScholarship,nsp_phosOptions,"$player.scholarshipThemeUseAI
!$nsp_broughtupAIScholarship",,,"40:nsp_phosAIScholarship1:""Has your research been having more success recently?""",
nsp_phosAIScholarshipAlt,nsp_phosOptions,"$player.scholarshipThemeProAI
!$nsp_broughtupAIScholarship",,,"40:nsp_phosAIScholarship1:""Has your research been having more success recently?""",
,,,,,,
nsp_phosCutComms,nsp_phosOptions,,,,100:cutCommLink:Cut the comm link,
,,,nsp_phosSotfOpen,,,
,,,,,,
nsp_phosSafeguardMenu,DialogOptionSelected,$option == nsp_phosSafeguardMenu,,Transfer hulls for analysis.,"0:nsp_phosSafeguardPick:Select a hull
100:nsp_phosBack:Back",
nsp_phosSafeguardPick,DialogOptionSelected,$option == nsp_phosSafeguardPick,nsp_displaySafeguardPicker PICK,,,
nsp_phosBack,DialogOptionSelected,$option == nsp_phosBack,"FireAll nsp_phosOptions
ShowPersonVisual false nsp_phos",,,
nsp_safeguardEatShip,DialogOptionSelected,$option == nsp_safeguardEatShip,"nsp_displaySafeguardPicker SEND
$nsp_safeguardHullHolding = true",Hulls transferred.,0:nsp_safeguardEatShip2:Continue,
nsp_safeguardEatShip2,DialogOptionSelected,$option == nsp_safeguardEatShip2,"FireAll nsp_phosOptions
ShowPersonVisual false nsp_phos",,,
nsp_safeguardNoEat,DialogOptionSelected,$option == nsp_safeguardNoEat,"$option = nsp_phosSafeguardMenu
FireBest DialogOptionSelected
ShowPersonVisual false nsp_phos",,,
,,,,,,
nsp_phosAutomationMenu,DialogOptionSelected,$option == nsp_phosAutomationMenu,"AddTextSmall ""Allows you to optimize the automation of a hull, causing it to ignore the automated ship penalty."" highlight
AddTextSmall ""Costs 5 times the hull's base price in credits, and 1/2/3/4 story points depending on hull size."" highlight","Holding up their tri-pad in barely-suppressed anticipation, the acamedician has to visibly compose themselves before they speak to you.

""While we're technically capable of performing such a procedure in thanks to the data from Taskforce Safeguard, actually doing so represents a rather large breakthrough on the individual basis of each vessel. As such, the costs may be rather, w-well... exorbitant. I hope you understand, captain.""","0:nsp_phosAutomationPick:Select a hull
100:nsp_phosBack:Back",
nsp_phosAutomationPick,DialogOptionSelected,$option == nsp_phosAutomationPick,"nsp_displayAutomatedPicker ""PICK""",Transfer hulls for analysis.,,
nsp_automatedEatShip,DialogOptionSelected,$option == nsp_automatedEatShip,"nsp_displayAutomatedPicker ""SEND""
$nsp_automatedHullHolding = true",Hulls transferred.,0:nsp_automatedEatShip2:Continue,
nsp_automatedEatShip2,DialogOptionSelected,$option == nsp_automatedEatShip2,"FireAll nsp_phosOptions
ShowPersonVisual false nsp_phos",,,
nsp_automatedNoEat,DialogOptionSelected,$option == nsp_automatedNoEat,"$option = nsp_phosAutomationMenu
FireBest DialogOptionSelected
ShowPersonVisual false nsp_phos",,,
,,,,,,
,,,,,,
nsp_phosAIScholarship1,DialogOptionSelected,$option == nsp_phosAIScholarship1,$nsp_broughtupAIScholarship = true,"They give a satisfied smile. ""Why, as a matter of the fact $playerFirstName, indeed it has. Just recently we had quite the breakthrough in optimizing automation technology. I daresay we've made massive strides in these past few days."" 

""In truth, it's likely something we should have come across sooner, but we were rather, how do I put this,"" a pause. ""Completely, flat broke. But recently, we were suddenly given a rather large sum of credits to finish our research.""

""Do you happen to know anything about that?""","0:nsp_phosAIScholarship2a:""Does this have to do with my scholarship?""
30:nsp_phosAIScholarship2b:""No idea.""",
nsp_phosAIScholarship2a,DialogOptionSelected,$option == nsp_phosAIScholarship2a,"AdjustRepActivePerson COOPERATIVE 15
FireAll nsp_phosOptions","A nod. ""I believe it does. Your donation has taken a great burden off my back. I appreciate it - sincerely.""",,
nsp_phosAIScholarship2b,DialogOptionSelected,$option == nsp_phosAIScholarship2b,"AdjustRepActivePerson COOPERATIVE 15
FireAll nsp_phosOptions","A chuckle. ""You don't need to play coy with me, $playerFirstName. You can take credit for what you've done. I appreciate it - sincerely.""",,
#END Galatia Academy SAFEGUARD stuff,,,,,,
,,,,,,
"# hegemony path, triggered by picking option during convo w/ daud if player has safeguard ship in fleet",,,,,,
nsp_toldAboutSentinelAIFleet,DialogOptionSelected,"$option == pk_tellAboutSentinelAIFleet score:10000
!$global.nsp_toldAboutSentinelAIFleet","$global.nsp_toldAboutSentinelAIFleet = true
FireBest DialogOptionSelected",,,
,,,,,,
nsp_daudMeetingSafeguard1,GAATGdaudMeetingOptions,"!$market.nsp_daudSafeguard
!$nsp_askSafeguard
nsp_displaySafeguardPicker CHECK",,"Your comms officer reports catching stray communications on the open channels about the strange 'fourteenth battlegroup hulls' in your possesion. While that might usually be the signal to pack up and leave, this is by no means a usual situation.",3:nsp_daudMeetingSafeguard2:Bring up Taskforce Safeguard.,
,,,,,,
nsp_daudMeetingSafeguard2Alt,DialogOptionSelected,"$option == nsp_daudMeetingSafeguard2
$global.nsp_toldAboutSentinelAIFleet",,"Daud gives you a tired, knowing look. Before you've even opened your mouth, it rather quickly becomes evident that he's aware of Taskforce Safeguard, the situation on Sentinel, and more importantly, the fact that they're present within your fleet. Meeting your gaze, he waits for you to speak.",0:nsp_daudMeetingSafeguard3:Explain that you need your hulls restored.,
nsp_daudMeetingSafeguard2,DialogOptionSelected,$option == nsp_daudMeetingSafeguard2,,"You inform the high hegemon of your automated fourteenth battlegroup hulls, the remnants of Taskforce Safeguard. Furrowing his brows, he gives you a tired, unreadable look.

""I'm sure that you're aware that automated ships are illegal under both Domain, and Hegemony laws, captain. Were it any other circumstance, I would have you arrested and your ships confiscated. And destroyed, of course. You're very lucky that these are not, usual circumstances.""","0:nsp_daudMeetingSafeguard3:""I need them restored.""",
nsp_daudMeetingSafeguard3,DialogOptionSelected,$option == nsp_daudMeetingSafeguard3,$nsp_askSafeguard = true 1,"Daud gives you a tired look, one brow raised. ""You've certainly come with a long list of demands.""",0:nsp_daudMeetingSafeguard4:Continue,
nsp_daudMeetingSafeguard4Comm,DialogOptionSelected,"$option == nsp_daudMeetingSafeguard4 score:1000
$player.commissionFactionId == hegemony","$option = nsp_daudMeetingSafeguard5
FireBest DialogOptionSelected","He remains silent for some time, his face creased. Then, a sigh. ""Given you're currently a Hegemony auxiliary, I can make an exception. This time.""",,
nsp_daudMeetingSafeguard4Rep,DialogOptionSelected,"$option == nsp_daudMeetingSafeguard4 score:500
RepIsAtWorst hegemony COOPERATIVE","$option = nsp_daudMeetingSafeguard5
FireBest DialogOptionSelected","He remains silent for some time, his face creased. Then, a sigh. ""Given your past contributions to the Hegemony, I can make an exception. This time.""",,
nsp_daudMeetingSafeguard4No,DialogOptionSelected,$option == nsp_daudMeetingSafeguard4 score:100,FireAll GAATGdaudMeetingOptions,"He remains silent for some time, his face creased. Then, a sigh. ""No, I don't think that's something I can do for you.""",,
,,,,,,
nsp_daudMeetingSafeguard5,DialogOptionSelected,$option == nsp_daudMeetingSafeguard5,"$market.nsp_daudSafeguard = true
FireAll GAATGdaudMeetingOptions
AddTextSmall ""Go to Chicomoztoc at a later time to perform a one-time restoration on Safeguard hulls."" highlight",,,
nsp_daudRestoreSafeguardOption,PopulateOptions,"$market.id == chicomoztoc
!$faction.isHostile
$player.transponderOn
$market.nsp_daudSafeguard
!$market.nsp_daudSafeguardRepair
nsp_displaySafeguardPicker CHECK",,The port authority is prepared to receive any ships formerly belonging to Taskforce Safeguard for repair operations.,30:nsp_daudSafeguardRepair1:Send any Safeguard hulls to be restored,"#option to restore any safeguard hulls. Only display if transponder is on, not hostile, and not repaired yet"
nsp_daudSafeguardRepair1,DialogOptionSelected,$option == nsp_daudSafeguardRepair1,"BeginConversation POST:portmaster
AddTextSmall ""This will repair any Safeguard ships in your fleet once."" highlight","You connect to the port authority to determine the status of repairing your automated Fourteen Battlegroup vessels. The response is prompt following confirming your transponder code - they were certainly expecting you.

The portmaster addresses you first. ""Heard the technicians had to scrape up some old docs before they could approve the repair operations. Not sure myself as to why - sure, they're a bit rough looking, but they should still be Fourteen Battlegroup through and through."" They shrug. ""Suppose those ships must've been in rough shape from how long they were out there.""

You get the impression they were intentionally kept in the dark about the vessel's rather illegal internals. Secrets become expontentially harder to keep the more mouths are running, and the Hegemony using an AI warfleet becoming public information would certainly shake up some of the leadership, even if said warfleet was deployed a hundred cycles ago.","0:nsp_daudSafeguardRepair3:""Nevermind.""
30:nsp_daudSafeguardRepair2:Allow the repairs",
nsp_daudSafeguardRepair2,DialogOptionSelected,$option == nsp_daudSafeguardRepair2,"nsp_displaySafeguardPicker REPAIR
HideVisual
$market.nsp_daudSafeguardRepair = true","Any Taskforce Safeguard vessels in your fleet are temporarily withdrawn from your fleet and escorted into a quiet and unassuming hangar bay at the edge of the dock, a small collection of trusted engineers prepared to accept them and versed in nearly forgotten Hegemony repair procedures.

It's unclear if such things still exist in a lonely fading manual on some dusty page, or if the techniques are passed on from one to the next. Regardless of the means the result is apparent in this moment.",0:nsp_daudSafeguardRepair3:Return to your duties,
,,,,,,
nsp_daudSafeguardRepair3,DialogOptionSelected,$option == nsp_daudSafeguardRepair3,"FireAll PopulateOptions
EndConversation
ShowDefaultVisual",,,
#nsp_daudTestTrigger,PopulateOptions,$id == daud,,,50:nsp_daudTestTriggerFire:test dialog,"# KEEP COMMENTED OUT, JUST FOR TESTING. It fires the meeting dialog instantly"
#nsp_daudTestTriggerFire,DialogOptionSelected,$option == nsp_daudTestTriggerFire,FireAll GAATGdaudMeetingOptions,,,
"#END hegemony path, triggered by picking option during convo w/ daud if player has safeguard ship in fleet",,,,,,
,,,,,,
"# TT path, triggered by having safeguard in fleet and going to any TT market. Only happens after 1st meeting with rotanev",,,,,,
nsp_TTMarketSafeguardPost,MarketPostDock,"$faction.id == tritachyon
!$faction.isHostile
$player.transponderOn
nsp_displaySafeguardPicker CHECK
!$player.nsp_ttSafeguardInvite
$player.didZGRfirstMeeting",$player.nsp_ttSafeguardInvite = true,"As your $shipOrFleet sends out its transponder code to dock with $market.name, you receive a request from the dock's portmaster to open a comm link.

Your ops chief gives you a knowing look - with the types of people who tend to end up in higher positions at the corporation, it's unlikely to be anything good. Your $shipOrFleet's transponder is already on, meaning dodging the request is rather pointless now.",0:nsp_TTMarketSafeguard1:Accept the comms request,
nsp_TTMarketSafeguard1,DialogOptionSelected,$option == nsp_TTMarketSafeguard1,BeginConversation POST:portmaster,"Your comms are soon connected to the market's portmaster, who greets you stiffly. ""Why, hello spacer,"" they proclaim in a rather nervous tone. Their vision flicks back and forth between the visual display and something off-screen. ""I can't help but notice you have, well, something interesting in your fleet.""","0:nsp_TTMarketSafeguard2a:""Could you be more specific?""
20:nsp_TTMarketSafeguard2b:""Is there going to be a problem?""",
,,,,,,
,,,,,,
nsp_TTMarketSafeguard2a,DialogOptionSelected,$option == nsp_TTMarketSafeguard2a,,"""Well,"" they pause, again briefly diverting away from the display. ""The Hegemony ships. I believe they're Fourteenth Battlegroup, yes? But there's something, um, different. Isn't there?""

You get the impression it's more of a rhetorical question. Or one they hope you don't attempt to answer, at least.","0:nsp_TTMarketSafeguard3a:""Is there?""
20:nsp_TTMarketSafeguard3b:""Yes, they're automated. So what?""",
nsp_TTMarketSafeguard2b,DialogOptionSelected,$option == nsp_TTMarketSafeguard2b,,"""No, no, of course not. It's just that, well, um,"" they take a moment to check something on their TriPad. ""There's someone who wants to speak with you about, well, your ships. The Fourteen Battlegroup ones.""",0:nsp_TTSafeguardFire:Continue,
nsp_TTMarketSafeguard3a,DialogOptionSelected,$option == nsp_TTMarketSafeguard3a,,"They let out a sigh, realizing that skirting the issue isn't working. ""Someone is very interested in the um, shall we say, 'altered' Fourteenth Battlegroup ship you have in your fleet.""",0:nsp_TTSafeguardFire:Continue,
nsp_TTMarketSafeguard3b,DialogOptionSelected,$option == nsp_TTMarketSafeguard3b,,"A streak of surprise crosses the portmaster's face. ""That's uh, very interesting. No, that won't be an issue. Not at all."" they stammer out at your unexpected response.

""That's why we needed to speak with you, I believe""",0:nsp_TTSafeguardFire:Continue,
,,,,,,
nsp_TTSafeguardFire,DialogOptionSelected,$option == nsp_TTSafeguardFire,FireAll nsp_TTSafeguardMarketOpts,"""You're invited to Glamor Rotanev's office, on Eochu Bres. At your earliest convenience - we wouldn't want there to be any, well, problems. Not that there would be any problems, of course."" ",,
,,,,,,
nsp_TTSafeguardMarketOptWho1,nsp_TTSafeguardMarketOpts,"!$nsp_who
!$nsp_again",,,"0:nsp_TTSafeguardMarketOptWho2:""Who is that, exactly?""",
nsp_TTSafeguardMarketOptAgain1,nsp_TTSafeguardMarketOpts,!$nsp_again,,,"30:nsp_TTSafeguardMarketOptAgain2:""Again?""",
nsp_TTSafeguardMarketOptYes1,nsp_TTSafeguardMarketOpts,,,,"40:nsp_TTSafeguardMarketOptYes2:""Very well, then.""",
nsp_TTSafeguardMarketOptNo1,nsp_TTSafeguardMarketOpts,,,,"50:nsp_TTSafeguardMarketOptNo2:""Not interested.""",
nsp_TTSafeguardMarketOptWho2,DialogOptionSelected,$option == nsp_TTSafeguardMarketOptWho2,"$nsp_who = true 0
FireAll nsp_TTSafeguardMarketOpts","You know exactly who it is - after all, you've been in their presence before. But a little extra poking and prodding can never hurt. There's no telling what a frazzled employee may accidentally spill if they've been privy to private information, in any case.

""Director Rotanev is""

""She's interested in, well, um,"" the portmaster pauses before they trip over their words and fall into an HR meeting. ""Things beyond the mundane, I believe is how she'd describe them. And you have something along those lines.""",,
,,,,,,
,,,,,,
nsp_TTSafeguardMarketOptAgain2,DialogOptionSelected,$option == nsp_TTSafeguardMarketOptAgain2,"$nsp_again = true 0
FireAll nsp_TTSafeguardMarketOpts","""Oh, so you've already been invited? I suppose, well, that's not surprising."" They appear to visibly relax, just slightly. ""Given you found... that, it's not completely out of the question that she already talked to you before.""",,
nsp_TTSafeguardMarketOptAgain2Alt,DialogOptionSelected,"$option == nsp_TTSafeguardMarketOptAgain2
$nsp_who","$nsp_again = true 0
FireAll nsp_TTSafeguardMarketOpts","""Oh, so you've already been invited? I suppose, well,"" a pause. ""Wait, did you ask who she was? Did you forget?""

They sigh, eyes drifting away from the visual feed. ""I find she's, um, rather hard to forget. In a way."" A cough. ""A good one, I assure you.""",,
nsp_TTSafeguardMarketOptNo2,DialogOptionSelected,$option == nsp_TTSafeguardMarketOptNo2,,"The portmaster sits up just a bit straighter in their seat after hearing you decline their offer. ""Wait! Wait. Please don't misunderstand, this isn't a sales pitch. Just consider it - I'm certain the Director will make this mutually beneficial for you.""

They quietly add on to the end of their statement, ""I think.""","0:nsp_TTSafeguardMarketOptNo3:Just cut the comm link
30:nsp_TTSafeguardMarketOptYes2:""Okay, fine.""",
nsp_TTSafeguardMarketOptNo3,DialogOptionSelected,$option == nsp_TTSafeguardMarketOptNo3,"EndConversation
ShowDefaultVisual","As the portmaster is about to plead to you to consider their request, you cut them short and terminate the comm link.

They're certainly persistent, if anything.",cutCommLink:Return to your duties,
nsp_TTSafeguardMarketOptYes2,DialogOptionSelected,$option == nsp_TTSafeguardMarketOptYes2,,"""Fantastic. You've made a good decision for both of us.""

They turn from the display and eagerly note something down. You imagine it's for their impending performance report.","0:nsp_TTSafeguardMarketOptYes3:""Are we done here?""",
nsp_TTSafeguardMarketDismiss,DialogOptionSelected,$option == nsp_TTSafeguardMarketOptYes3,"EndConversation
ShowDefaultVisual","""Yes!"" they answer eagerly, before they catch themselves. ""I mean, yes, our business is concluded. Please see the Director at your earliest convenience.""

$HeOrShe quickly cuts the link before you can ask any more questions. ",cutCommLink:Cut the link,
,,,,,,
# triggered dialog after geeting invite,,,,,,
nsp_glamorGreeting,PickGreeting,"$id == glamor_rotanev score:1000
!$nsp_didSafeguardGreet
$player.nsp_ttSafeguardInvite","$nsp_didSafeguardGreet = true 0
ShowPersonVisual
FireAll nsp_glamorOpenOption","Director Zunya Glamor-Rotanev, her position evoking her full name to come to mind, seems mostly uninterested in conversation, a deadpan expression betraying a false attempt at a warm welcome.

""Ah you've arrived, $playerFirstName. I trust your fleet is holding together well? Though, you are here for business, being quite the practical individual. Do you have one of the ships with you?""",,
nsp_glamorOpenOptionNo1,nsp_glamorOpenOption,!nsp_displaySafeguardPicker CHECK,,"""And yet you didn't think to actually bring one? Incompetence or caution, matters little.""

You feel colder than the vac. 

""Next time, bring me something worth my time before you try to beg for alms, $playerLastName.""","0:nsp_glamorOpenOptionNo2:""It's not, actually.""",
nsp_glamorOpenOptionYes1,nsp_glamorOpenOption,nsp_displaySafeguardPicker CHECK,,"""I see you brought one of them with you. Not tailed, I hope, by any unseemly visitors."" She rolls her eyes, perhaps in show, ""Of course, if you were, we would know, wouldn't we?""","0:nsp_glamorOpenOptionYes2:""I brought one with me.""",
nsp_glamorOpenOptionNo2,DialogOptionSelected,$option == nsp_glamorOpenOptionNo2,FireAll PopulateOptions,"""No?"" The Director raises a brow, her face creased. ""I begin to wonder why you've come to me to begin with, but knowing our previous arrangements you've surely still come with something interesting, yes?""",,
nsp_glamorOpenOptionYes2,DialogOptionSelected,$option == nsp_glamorOpenOptionYes2,$nsp_didSafeguardGreet = true,"""Such interesting ships, $playerFirstName. I must ask, however, how you acquired them. The Hegemony might still have an interest in them, and as you'll know, the Sector doesn't fare well when the greater players butt heads.""

The Director's eyes bore into you like tachyon lances, full of avarice and ambition, lined with suitable caution.",0:nsp_glamorOpenOptionYes3:Continue,
nsp_glamorOpenOptionYes3,DialogOptionSelected,$option == nsp_glamorOpenOptionYes3,,"You describe your encounter with the automated vessels, giving more or less vague details with regards to the survivors on Sentinel and least of which the Planetkiller you went there to find to begin with. While Zunya notices your refusal to elaborate, she does not pursue it, being clearly more interested in the AI and the ships you found them in, especially the worn 14th Battlegroup livery that adorned them.",0:nsp_glamorOpenOptionYes4:Continue,
nsp_glamorOpenOptionYes4,DialogOptionSelected,$option == nsp_glamorOpenOptionYes4,,"""And when you engaged this Taskforce Safeguard, did you find anything of importance besides the fleet itself following the battle?""

They give you an appraising look - you suspect they have at least an inkling of information regarding the planetkiller that was stowed away within the asteroid.","0:nsp_glamorOpenOptionYes5a1:""A planetkiller.""
30:nsp_glamorOpenOptionYes5b:""Nothing unusual."" [lie]",
nsp_glamorOpenOptionYes5a1,DialogOptionSelected,$option == nsp_glamorOpenOptionYes5a1,,"""Hm."" They pause for a moment to give your statement some thought. ""Interesting, and just as I had suspected.""

""Very well then, onto our intended schedule for today.""","0:nsp_glamorOpenOptionYes5a2:""You don't care?""
30:nsp_glamorOpenOptionYes6:""Yes, let's.""",
nsp_glamorOpenOptionYes5a2,DialogOptionSelected,$option == nsp_glamorOpenOptionYes5a2,,"The Director gives a dismissive wave of the hand. ""No, not particularly - I was simply confirming one of my suspicions. If you've yet to do anything morally reprehensible with it, I'm certain other board members would be interested in a... mutually beneficial transaction.""

""Such implements are far too mundane for us. Scorned worlds, AI warfleets prowling the fringes,"" she tiredly shakes her head. ""The Sector is familiar with them - it's known. No, I'm after something truly extraordinary.""",0:nsp_glamorOpenOptionYes6:Continue,
nsp_glamorOpenOptionYes5b,DialogOptionSelected,$option == nsp_glamorOpenOptionYes5b,,"""Is that so? Disappointing.""",0:nsp_glamorOpenOptionYes6:Continue,
nsp_glamorOpenOptionYes6,DialogOptionSelected,$option == nsp_glamorOpenOptionYes6,,"""This is something that should not exist by all accounts, and yet, "" she broadly gestures towards you, ""here it is. I don't often care for remnants from the First AI War - most are far too common that one could wander into them on accident, I'm certain you know. But this?""

""It's a rather unique specimen. Not the AI alone, but rather the forbidden chalice containing it. An AI warfleet operating under the Hegemony's banner - they declared it the devil, then walked with it hand in hand. How interesting.""",0:nsp_glamorOpenOptionYes7:Continue,
,,,,"""I don't doubt that,"" the Director says rather matter-of-factly. ""But if the information was to hypothetically be leaked without the extra details, well,"" she gives you a knowing look. ""That would be rather interesting, don't you say?""

You consider what she's bluntly hinting at. Taskforce Safeguard was hurriedly assembled over a hundred cycles ago, in a desperate situation that may have warranted its deployment in the eyes of many at the time of its creation. The scars of the Second AI War are still plainly fresh on the sector, however - ",,
,,,,,,
,,,,,,
nsp_glamorOpenOptionYes7a,DialogOptionSelected,"$option == nsp_glamorOpenOptionYes7
!$global.gaveZGRoneslaughtAccess",FireAll nsp_glamorOptions,"""All that's required is for you to allow us access to one of the Taskforce Safeguard vessels. After we acquire the needed scans of the hull structure and,"" a pause, ""other relevant systems, we should have the required data for our technicians to restore them for you. For a modest fee, of course.""

""I believe we can come to an amicable agreement, $playerFirstName.""",,
nsp_glamorOpenOptionYes7alt,DialogOptionSelected,"$option == nsp_glamorOpenOptionYes7
$global.gaveZGRoneslaughtAccess",FireAll nsp_glamorOptions,"""All that's required is for you to allow us access to one of the Taskforce Safeguard vessels. After we acquire the needed scans of the hull structure and,"" a pause, ""other relevant systems, we should have the required data for our technicians to restore them for you. For a modest fee, of course.""

""Given our previous collaboration with a somewhat... similar type of hull, I trust we can come to an amicable agreement.""

You assume she's alluding to you previously allowing the Onslaught Mk.I to be scanned.",,
nsp_glamorWhyOptAlt,nsp_glamorOptions,"$global.gaveZGRoneslaughtAccess
!$nsp_why",,,"20:nsp_glamorWhy:""I trust I'll be as compensated as with the Mk I?""",
nsp_glamorWhyOpt,nsp_glamorOptions,"!$global.gaveZGRoneslaughtAccess
!$nsp_why",,,"20:nsp_glamorWhy:""Why should I help you?""",
nsp_glamorAgreeOpt,nsp_glamorOptions,,,,"30:nsp_glamorAgreeScans1:""Okay, I'll do it.""",
nsp_glamorDenyOpt,nsp_glamorOptions,,,,"40:nsp_glamorDenyScans:""Not interested.""",
nsp_glamorWhyAlt,DialogOptionSelected,"$option == nsp_glamorWhy
$global.gaveZGRoneslaughtAccess","$nsp_why = true 0
FireAll nsp_glamorOptions","The Director looks at you knowingly. ""Of course. Five hundred thousand credits, immediately transferrable to your account upon

""A generous offer, is it not, $playerFirstName? I did say I would make you glittering and opulent."" ",,
nsp_glamorWhy,DialogOptionSelected,"$option == nsp_glamorWhy
!$global.gaveZGRoneslaughtAccess","$nsp_why = true 0
FireAll nsp_glamorOptions","""Because,"" Rotanev turns a palm upwards, gesturing towards you. ""There are riches waiting - you've not a need to lift a finger. Five hundred thousand credits, to be precise. Generous, is it not? You've nothing to lose, and we have both to gain.""",,
nsp_glamorAgreeScans1,DialogOptionSelected,$option == nsp_glamorAgreeScans1,,"A glimmer of satisfaction appears in their expression at response to your words. ""I was certain you would understand, $playerFirstName.""

""I will arrange to have a private shuttle with sensor equipment dispatched at once. Nobody in the Company will be privy to the results."" A smile. ""Except me, of course.""

True to their word, a small shuttle bearing high-powered sensors equipment approaches the Safeguard vessel some minutes later. Sensors emissions confirm it's hard at work scanning the ship - it's unclear if it's searching for anything specific.",0:nsp_glamorAgreeScans2:Wait,
nsp_glamorAgreeScans2,DialogOptionSelected,$option == nsp_glamorAgreeScans2,"AddCredits 500000
$player.nsp_gaveSafeguardScans = true
FireAll PopulateOptions","Rotanev's eyes are illuminated in the light of their Tripad as they observe the preliminary results of the scans. They hold great anticipation, akin to a bird of prey watching their quarry. A chime sounds in indication of the scans being finalized, before they nod and power down its display with a tap of the finger.

A faint smile fights against the tired creases of their face. ""Excellent. This will be most useful to both of us, $playerFirstName. You maintain a good acumen for business.""",,
nsp_glamorDenyScans,DialogOptionSelected,$option == nsp_glamorDenyScans,FireAll PopulateOptions,"""Very well, then. If you realize the benefits of such a decision at a later time, the offer persists.""",,
,,,,,,
nsp_glamorReconsiderOpt,PopulateOptions,"$id == glamor_rotanev score:1000
$player.nsp_ttSafeguardInvite
!$player.nsp_gaveSafeguardScans
nsp_displaySafeguardPicker CHECK",,,"70:nsp_glamorReconsider:""I've been considering your offer regarding Taskforce Safeguard.""","# pops up if player doesn't immediately agree to stuff, but has safeguard"
nsp_glamorReconsider,DialogOptionSelected,$option == nsp_glamorReconsider,,"""Is that so?""

You sense a fleeting glimmer of anticipation in their voice.","30:nsp_glamorAgreeScans1:""I'll do it.""
50:nsp_glamorBack:""Actually, I changed my mind.""",
nsp_glamorRepairOpt,PopulateOptions,"$id == glamor_rotanev score:1000
$player.nsp_gaveSafeguardScans
nsp_displaySafeguardPicker CHECK",,,"70:nsp_glamorRepairPopulate:""I need hulls restored.""",
nsp_glamorRepairPopulate,DialogOptionSelected,$option == nsp_glamorRepairPopulate,"AddTextSmall ""Pay credits to have any Safeguard hulls in your fleet restored.""
FireAll nsp_glamorRepairOpts",,,
nsp_glamorRepairOptRepair,nsp_glamorRepairOpts,,,,0:nsp_glamorSafeguardPicker:Select hulls to repair,
nsp_glamorSafeguardPicker,DialogOptionSelected,$option == nsp_glamorSafeguardPicker,nsp_displaySafeguardPicker REPAIRPICKER,,,
nsp_glamorRepairOptNoRepair,nsp_glamorRepairOpts,,,,"50:nsp_glamorBack:""Actually, I changed my mind.""",
nsp_glamorRepairSafeguard,DialogOptionSelected,$option == nsp_glamorRepairSafeguard,"nsp_displaySafeguardPicker REPAIRCREDITS
FireAll PopulateOptions",,,
nsp_glamorBack,DialogOptionSelected,$option == nsp_glamorBack,FireAll PopulateOptions,,,
#END triggered dialog after geeting invite,,,,,,
"#END TT path, triggered by having safeguard in fleet and going to any TT market. Only happens after 1st meeting with rotanev",,,,,,
,,,,,,
# this is wip ignore it pretty please,,,,,,
nsp_invictaEncounterDesc1,BeginFleetEncounter,"$nsp_invictaFleet score:1000
!$printedDesc
!$showAfterScanIntro","$printedDesc = true 0
$fidpi_addContinue = true 0
AddTextSmall ""Detailed scan of unknown vessel acquired"" highlight","The capital-class construct appears to be a phase ship due to presenting features common to the type, though its design is otherwise exotic.

There also appear to be small, bright EM sources, ""-Only partially overlapping the visual spectrum,"" your sensors officer reports. They periodically appear and dissipate in a volume encompassing the mysterious ship. Your bridge crew murmurs speculation between their stations: a new form of shielding? microsat thruster bursts? Your sensors officer shakes their head.

You order a high-resolution scan performed, and the raw data placed into secure storage.",,
nsp_invictaEncounterDesc2,BeginFleetEncounter2,$nsp_invictaFleet score:1000,"$global.gaPZ_scannedZiggurat = true
Call $global.gaPZ_ref updateStage
$showAfterScanIntro = true","Your attention strays as the impression of something not unlike distant music insinuates itself into your consciousness; as if a chorus was singing at some great distance, their voices brought to you by a chance gust of wind. When you attempt to focus on the music the impression slips away.

You become suddenly aware that your bridge crew is staring expectantly, waiting for your next command.",,
nsp_invictaEncounterDesc3,BeginFleetEncounter3,$nsp_invictaFleet score:1000,"$global.gaPZ_scannedZiggurat = true
Call $global.gaPZ_ref updateStage
$showAfterScanIntro = true","Your attention strays as the impression of something not unlike distant music insinuates itself into your consciousness; as if a chorus was singing at some great distance, their voices brought to you by a chance gust of wind. When you attempt to focus on the music the impression slips away.

You become suddenly aware that your bridge crew is staring expectantly, waiting for your next command.",,
nsp_invictaEncounterDesc4,BeginFleetEncounter4,$nsp_invictaFleet score:1000,"$global.gaPZ_scannedZiggurat = true
Call $global.gaPZ_ref updateStage
$showAfterScanIntro = true","Your attention strays as the impression of something not unlike distant music insinuates itself into your consciousness; as if a chorus was singing at some great distance, their voices brought to you by a chance gust of wind. When you attempt to focus on the music the impression slips away.

You become suddenly aware that your bridge crew is staring expectantly, waiting for your next command.",,
nsp_invictaAfterDefeat,AfterTemplarDefeat,,,"A final terrific explosion blanks the external visual pickups. A few seconds later, backups are extruded through the hull.

Your sensors officer reports in a hushed voice that no escape pods were detected leaving the ship at any point.",nspBattleContinue:Continue,
nsp_afterDefeatingContinue,DialogOptionSelected,$option == nspBattleContinue,FireBest OpenInteractionDialog,,,
nsp_wreckDetails,ShowSalvageEntityDetails,"$customType == wreck
$nsp_invictaFleet score:1000",ShowDefaultVisual,"The broken phase vessel, now quite dormant, is drifting through space.",,
nsp_exploreNormal,CheckSalvageSpecial,"$salvageSpecialData != null
$customType == wreck
$nsp_invictaFleet score:1000","#ShowDefaultVisual
FireBest ZigExploreDescription",Your salvage teams dock shuttles at various entry points along the vessel's massive hull.,,
nsp_exploreDescription,TemplarExploreDescription,,,"After a few tense minutes, reports start to come in - the vessel is heavily damaged, and though of exotic design, it is theoretically recoverable.

Your operations chief reports that for all of the fancy hull features, it is clear that this ship requires crew to operate. But there are no traces of a crew, not even a single body caught in the battle damage, and the escape pods are all in their berths.

The operation proceeds with telemetry feeds, salvors' reports, and authorization orders flowing around you, through the bridge of your flagship. You catch yourself listening for that unheard music in a quiet moment, and shake your head just as a comms request from your technology officer appears, bringing you back from your reverie. You accept as a matter of course.",nspExploreContinue:Continue,
nsp_exploreDescriptionContinue,DialogOptionSelected,$option == nspExploreContinue,,"""$PlayerSirOrMadam, if I understand half of these systems, this ship is truly one of a kind,"" your technology officer speaks with genuine excitement.

""I've found a device that appears to generate and control - I'm not sure that either is the right word, really - these ... swarming motes, the EM anomalies. The device appears to have two stages, the first as I've described, and what appears to be a later addition which is, unfortunately, damaged beyond repair.""

""Judging by the complexity of the components and the bizarre discharge pattern... this is the work of a team of specialists doing bleeding-edge work. It's amazing! A device like this, it's simply unheard of nowadays. Except,"" Tech looks abashed suddenly, ""Rumors. You know, people talk.""",nspExploreContinue2:Continue,
nsp_exploreDescriptionContinue2,DialogOptionSelected,$option == nspExploreContinue2,SalvageSpecialInteraction,"Your technology officer clears their throat, then continues ""I think I can get the main part of this device working again, though I can't claim to understand why it works. Not at all. The ship itself will be fit to fly, too, if we do the usual repairs. Should we proceed with recovery?""",,
nsp_PostShipRecoverySpecial,PostShipRecoverySpecial,$srs_baseHullId == nsp_templar,TemplarCMD initEncounters,,,
,,,,,,
$nsp_invictaFleet score:1000,,,,,,
nsp_templar_commsOpen,OpenCommLink,$entity.nsp_templar score:1000,EndConversation,"The connection request hangs for some time then a wave of holo-noise flickers through the main display before generating a series of error codes. Your comms officer works their console in consternation. 

The soft sounds of the error notifications align just so, almost forming a melody you must have heard somewhere once. Or perhaps not. You return your attention to your command. No time for daydreaming.",,
#END this is wip ignore it pretty please,,,,,,
,,,,,,
# Start of Disco Elysium mission,,,,,,
,,,,,,
nsp_DE_mission_addBaroption,AddBarEvents,"$market.id == nsp_revachol_market
!$global.disco_mission_prologue_complete
!$global.disco_mission_completed","AddBarEvent DiscoE_Bar_startoption ""IS THAT KIM AND HARRY?!?!!"" ""IS THAT KIM AND HARRY?!?!!""",,,
nsp_DE_mission_Baroption_start,DialogOptionSelected,$option == DiscoE_Bar_startoption,"ShowPersonVisual true nsp_harry_dubois
BeginMission nsp_disco_mission
$global.disco_mission_prologue_complete = true
Call $global.disco_mission_ref DiscoStartMission
Call $global.disco_mission_ref updateData",IT IS KIM AND HARRY FROM HIT GAME DISCO ELYSIUM!!,"backToBar:""Return to the bar""",
,,,,,,
nsp_DE_mission_Act1_InvRevachol1_addoption,PopulateOptions,"$market.id == nsp_revachol_market
$menuState == main
$tradeMode == OPEN
$global.disco_mission_prologue_complete
!$global.disco_mission_inv1_complete
!$global.disco_mission_completed",,,DiscoE_Inv_p1_startOption:Investigate $marketName - Part 1,
nsp_DE_mission_Act1_InvRevachol1_finished,DialogOptionSelected,$option == DiscoE_Inv_p1_startOption,"$global.disco_mission_inv1_complete = true
Call $global.disco_mission_ref DiscoCompleteInvestigation1
Call $global.disco_mission_ref updateStage
FireAll PopulateOptions",Investigated $marketName so well it become cleaner. - Part 1,,
nsp_DE_mission_Act2_RMS_addoption,PopulateOptions,"$market.id == nsp_revachol_miningstation_market
$menuState == main
$tradeMode == OPEN
$global.disco_mission_inv1_complete
!$global.disco_mission_inv2_complete",,,DiscoE_Inv_p2_startOption:Investigate $marketName - Part 2,
nsp_DE_mission_Act2_RMS_finished,DialogOptionSelected,$option == DiscoE_Inv_p2_startOption,"$global.disco_mission_inv2_complete = true
Call $global.disco_mission_ref DiscoCompleteInvestigation2
Call $global.disco_mission_ref updateStage
FireAll PopulateOptions",Investigated $marketName so well it become cleaner. - Part 2,,
nsp_DE_mission_Act3_Deora_addoption,PopulateOptions,"$market.id == nsp_deora_market
$menuState == main
$tradeMode == OPEN
$global.disco_mission_inv2_complete
!$global.disco_mission_inv3_complete",,,DiscoE_Inv_p3_startOption:Investigate $marketName - Part 3,
nsp_DE_mission_Act3_Deora_finished,DialogOptionSelected,$option == DiscoE_Inv_p3_startOption,"$global.disco_mission_inv3_complete = true
Call $global.disco_mission_ref DiscoCompleteInvestigation3
Call $global.disco_mission_ref updateStage
FireAll PopulateOptions",Investigated $marketName so well it become cleaner. - Part 3,,
nsp_DE_mission_Act4_toRevachol_addoption,PopulateOptions,"$market.id == nsp_revachol_market
$menuState == main
$tradeMode == OPEN
$global.disco_mission_inv3_complete
!$global.disco_mission_act3_complete",,,DiscoE_Inv_TRB_startOption:Investigate $marketName - past TRIBUNAL,
nsp_DE_mission_Act4_toRevachol_finished,DialogOptionSelected,$option == DiscoE_Inv_TRB_startOption,"$global.disco_mission_act3_complete = true
Call $global.disco_mission_ref DiscoCompleteTribunal
Call $global.disco_mission_ref updateStage
FireAll PopulateOptions",Investigated $marketName so well it become cleaner. - Tribunal,,
nsp_DE_mission_End_Trubunal1_addoption,PopulateOptions,"$market.id == nsp_revachol_market
$menuState == main
$tradeMode == OPEN
$global.disco_mission_act3_complete
!$global.disco_mission_arrest_complete",,,DiscoE_Inv_End_startOption:Investigate $marketName - End mission,
nsp_DE_mission_End_Trubunal1_finished,DialogOptionSelected,$option == DiscoE_Inv_End_startOption,"$global.disco_mission_arrest_complete = true
Call $global.disco_mission_ref DiscoCompleteArrest
Call $global.disco_mission_ref updateStage
Call $global.disco_mission_ref updateData
FireAll PopulateOptions",Investigated $marketName so well it become cleaner. - End,,
,,,,,,
,,,,,,
nsp_HireHarry_placeholder_addBarOption,AddBarEvents,"$market.id == nsp_revachol_market
#addchecks for completed mission later","AddBarEvent DiscoE_HireHarry_BarOption ""You see familiar faces of Harry and Kim sitting at farther side of the bar "" ""Join them for a drink, for old times sake""",,,
nsp_HireHarry_placeholder_hubFire,DialogOptionSelected,$option == DiscoE_HireHarry_BarOption,"ShowPersonVisual true nsp_harry_dubois
FireAll nsp_HireHarry_hub","As you approach their table, Kim stand up to greet you. Looks like they noticed you in the bar right away, but didn't want to interfere with your business.
You exchange greeting and take place at their table, curiously eyeing their drinks.",,
nsp_HireHarry_placeholder_yapaboutlife_add,nsp_HireHarry_hub,,,,1:nsp_HireHarry_placeholder_yapaboutlife_optionr:Ask about their life something.,
nsp_HireHarry_placeholder_yapaboutlife_answer1,DialogOptionSelected,$option == nsp_HireHarry_placeholder_yapaboutlife_optionr,,"Something about life or mission, or something else. ",,
nsp_HireHarry_placeholder_offerwork_add,nsp_HireHarry_hub,,,,2:nsp_HireHarry_placeholder_offerwork_option1:Offer Harry to work for you.,
nsp_HireHarry_placeholder_skillcheck,DialogOptionSelected,$option == nsp_HireHarry_placeholder_offerwork_option1,"AddText ""You ask $personName some questions to establish where $hisOrHer skills lie.""
CallEvent $ome_eventRef printSkills nsp_harry_dubois
$askedSkills = true 0
unset $askedSkills",,"1:nsp_HireHarry_Yes:""Sounds good.""
99:backToBar:""Return to the bar"".",
nsp_HireHarry_placeholder_YesHire,DialogOptionSelected,$option == nsp_HireHarry_Yes,"nsp_AddOfficer nsp_harry_dubois
UpdateMemory
ShowDefaultVisual
EndConversation",Should call here either to hiring code or to mission/event ref.,,
#END Revachol,,,,,,
#END Missions,,,,,,
,,,,,,
